PartyId,CollisionId,PartyNumber,PartyType,IsAtFault,IsOnDutyEmergencyVehicle,IsHitAndRun,AirbagCode,AirbagDescription,SafetyEquipmentCode,SafetyEquipmentDescription,Special Information,Other Associate Factor,Inattention,DirectionOfTravel,StreetOrHighwayName,SpeedLimit,MovementPrecCollCode,MovementPrecCollDescription,SobrietyDrugPhysicalCode1,SobrietyDrugPhysicalDescription1,SobrietyDrugPhysicalCode2,SobrietyDrugPhysicalDescription2,GenderCode,GenderDescription,StatedAge,DriverLicenseClass,DriverLicenseStateCode,RaceCode,RaceDesc,Vehicle1TypeId, Vehicle1TypeDesc, Vehicle1Year,Vehicle1Make,Vehicle1Model,Vehicle1Color,V1IsVehicleTowed,Vehicle2TypeId, Vehicle2TypeDesc, Vehicle2Year,Vehicle2Make,Vehicle2Model,Vehicle2Color,V2IsVehicleTowed,Lane,ThruLanes,TotalLanes,IsDREConducted
7567653,1991548,1,Driver,True,False,True,B,UNKNOWN,B,OCCUPANT UNKNOWN,CELL PHONE USE UNKNOWN,NONE APPARENT,,N,US-101 N/B,65.0,M,OTHER UNSAFE TURNING,G,IMPAIRMENT_NOT_KNOWN,,,,,,,,,,99.0,OtherUnknownHitAndRunDriver,,,,,False,,,,,,,,2,4.0,4.0,False
7744885,2002577,3,Driver,,False,False,M,AIR BAG NOT DEPLOYED,G,OCCUPANT LAP SHOULDER HARNESS USED,CELL PHONE NOT IN USE,NONE APPARENT,,S,I-880 S/B,65.0,B,PROCEEDING STRAIGHT,A,HAD NOT BEEN DRINKING,,,M,MALE,27.0,C,CA,H,HISPANIC,1.0,PassengerCarStationWagonJeep,2021.0,FORD,MUSTANG,BLK,False,,,,,,,,5,5.0,6.0,False
7744884,2002577,2,Driver,,False,False,M,AIR BAG NOT DEPLOYED,G,OCCUPANT LAP SHOULDER HARNESS USED,CELL PHONE NOT IN USE,NONE APPARENT,,S,I-880 S/B,65.0,B,PROCEEDING STRAIGHT,A,HAD NOT BEEN DRINKING,,,F,FEMALE,59.0,C,CA,O,OTHER,7.0,SportUtilityVehicle,2013.0,CHEV,EQUINOX,GRY,False,,,,,,,,4,5.0,6.0,False
7744883,2002577,1,Driver,True,False,True,B,UNKNOWN,B,OCCUPANT UNKNOWN,CELL PHONE USE UNKNOWN,NONE APPARENT,,S,I-880 S/B,65.0,R,OTHER,G,IMPAIRMENT_NOT_KNOWN,,,,,,,,,,99.0,OtherUnknownHitAndRunDriver,,,,,False,,,,,,,,3,5.0,6.0,False
7744876,2002573,2,Driver,,False,False,M,AIR BAG NOT DEPLOYED,G,OCCUPANT LAP SHOULDER HARNESS USED,CELL PHONE NOT IN USE,NONE APPARENT,,S,US-101 S/B TO TULLY RD.,65.0,A,STOPPED,A,HAD NOT BEEN DRINKING,,,F,FEMALE,31.0,C,CA,H,HISPANIC,1.0,PassengerCarStationWagonJeep,2022.0,FORD,MUSTANG,BLK,False,,,,,,,,TRN LN,0.0,4.0,False
7744875,2002573,1,Driver,True,False,False,M,AIR BAG NOT DEPLOYED,G,OCCUPANT LAP SHOULDER HARNESS USED,CELL PHONE NOT IN USE,NONE APPARENT,,S,US-101 S/B TO TULLY RD,65.0,R,OTHER,A,HAD NOT BEEN DRINKING,,,F,FEMALE,64.0,C,CA,H,HISPANIC,7.0,SportUtilityVehicle,2015.0,TOYT,RAV4,GLD,False,,,,,,,,LT-2,0.0,4.0,False
7744707,2002494,1,Driver,True,False,True,M,AIR BAG NOT DEPLOYED,B,OCCUPANT UNKNOWN,CELL PHONE USE UNKNOWN,NONE APPARENT,,S,I-680 S/B TO CAPITOL AVE. S/B,65.0,C,RAN OFF ROAD,G,IMPAIRMENT_NOT_KNOWN,,,,,,,,,,7.0,SportUtilityVehicle,2009.0,FORD,FLEX,RED,False,,,,,,,,EXIT,1.0,1.0,False
7744658,2002468,2,Driver,,False,False,L,AIR BAG DEPLOYED,G,OCCUPANT LAP SHOULDER HARNESS USED,CELL PHONE NOT IN USE,NONE APPARENT,,S,I-880 S/B FROM STEVENS CREEK,65.0,B,PROCEEDING STRAIGHT,A,HAD NOT BEEN DRINKING,,,F,FEMALE,36.0,C,CA,W,WHITE,7.0,SportUtilityVehicle,2016.0,VOLV,XC90,BLK,True,,,,,,,,1,1.0,1.0,False
7744657,2002468,1,Driver,True,False,False,L,AIR BAG DEPLOYED,G,OCCUPANT LAP SHOULDER HARNESS USED,CELL PHONE NOT IN USE,NONE APPARENT,,S,I-880 S/B FROM STEVENS CREEK,65.0,B,PROCEEDING STRAIGHT,A,HAD NOT BEEN DRINKING,,,F,FEMALE,71.0,C,CA,A,ASIAN,7.0,SportUtilityVehicle,2013.0,LEXS,RX450,GRY,True,,,,,,,,1,1.0,1.0,False
7744635,2002454,3,Driver,,False,False,M,AIR BAG NOT DEPLOYED,G,OCCUPANT LAP SHOULDER HARNESS USED,CELL PHONE NOT IN USE,NONE APPARENT,,N,I-680 N/B,65.0,B,PROCEEDING STRAIGHT,A,HAD NOT BEEN DRINKING,,,M,MALE,56.0,C,CA,O,OTHER,1.0,PassengerCarStationWagonJeep,2010.0,BMW,528IT,GLD,False,,,,,,,,5,6.0,6.0,False
7744634,2002454,2,Driver,,False,False,L,AIR BAG DEPLOYED,G,OCCUPANT LAP SHOULDER HARNESS USED,CELL PHONE NOT IN USE,NONE APPARENT,,N,I-680 N/B,65.0,B,PROCEEDING STRAIGHT,A,HAD NOT BEEN DRINKING,,,F,FEMALE,78.0,C,CA,H,HISPANIC,7.0,SportUtilityVehicle,2016.0,HOND,CRV,WHI,False,,,,,,,,6,6.0,6.0,False
7744633,2002454,1,Driver,True,False,False,L,AIR BAG DEPLOYED,G,OCCUPANT LAP SHOULDER HARNESS USED,CELL PHONE NOT IN USE,NONE APPARENT,,N,I-680 N/B,65.0,M,OTHER UNSAFE TURNING,A,HAD NOT BEEN DRINKING,,,M,MALE,22.0,U,,H,HISPANIC,1.0,PassengerCarStationWagonJeep,2017.0,HOND,CIVIC,BLK,False,,,,,,,,1,6.0,6.0,False
7744513,2002390,2,Driver,,False,False,M,AIR BAG NOT DEPLOYED,G,OCCUPANT LAP SHOULDER HARNESS USED,CELL PHONE NOT IN USE,STOP & GO TRAFFIC,,N,SR-85 N/B,65.0,A,STOPPED,A,HAD NOT BEEN DRINKING,,,M,MALE,56.0,C,CA,A,ASIAN,7.0,SportUtilityVehicle,2002.0,TOYT,SEQUOIA,WHI,False,,,,,,,,1,3.0,3.0,False
7744512,2002390,1,Driver,True,False,False,M,AIR BAG NOT DEPLOYED,G,OCCUPANT LAP SHOULDER HARNESS USED,CELL PHONE NOT IN USE,STOP & GO TRAFFIC,,N,SR-85 N/B,65.0,B,PROCEEDING STRAIGHT,A,HAD NOT BEEN DRINKING,,,F,FEMALE,46.0,C,CA,W,WHITE,1.0,PassengerCarStationWagonJeep,2023.0,DODG,CHARGER,BLK,False,,,,,,,,1,3.0,3.0,False
7744499,2002382,2,Driver,,False,False,M,AIR BAG NOT DEPLOYED,G,OCCUPANT LAP SHOULDER HARNESS USED,CELL PHONE NOT IN USE,NONE APPARENT,,S,SR-85 S/B,65.0,B,PROCEEDING STRAIGHT,A,HAD NOT BEEN DRINKING,,,M,MALE,60.0,C,CA,H,HISPANIC,22.0,PickupsAndPanels,2014.0,DODG,RAM 1500 PU,SIL,False,,,,,,,,3,4.0,4.0,False
7744498,2002382,1,Driver,True,False,False,M,AIR BAG NOT DEPLOYED,G,OCCUPANT LAP SHOULDER HARNESS USED,CELL PHONE NOT IN USE,NONE APPARENT,,S,SR-85 S/B,65.0,J,CHANGING LANES,A,HAD NOT BEEN DRINKING,,,F,FEMALE,52.0,F,TX,B,BLACK,7.0,SportUtilityVehicle,2016.0,JEEP,CHEROKEE,RED,False,,,,,,,,3,4.0,4.0,False
7744493,2002379,1,Driver,True,False,False,L,AIR BAG DEPLOYED,G,OCCUPANT LAP SHOULDER HARNESS USED,CELL PHONE NOT IN USE,NONE APPARENT,,N,SR-85 N/B,65.0,R,OTHER,A,HAD NOT BEEN DRINKING,,,M,MALE,17.0,U,CA,H,HISPANIC,1.0,PassengerCarStationWagonJeep,2009.0,TOYT,CAMRY,BLU,True,,,,,,,,2,3.0,3.0,False
7744458,2002359,2,Driver,,False,False,M,AIR BAG NOT DEPLOYED,G,OCCUPANT LAP SHOULDER HARNESS USED,CELL PHONE NOT IN USE,NONE APPARENT,,S,I-280 S/B,65.0,B,PROCEEDING STRAIGHT,A,HAD NOT BEEN DRINKING,,,M,MALE,23.0,C,CA,O,OTHER,1.0,PassengerCarStationWagonJeep,2013.0,BMW,380I,BLK,False,,,,,,,,3,4.0,5.0,False
7744457,2002359,1,Driver,True,False,False,L,AIR BAG DEPLOYED,G,OCCUPANT LAP SHOULDER HARNESS USED,CELL PHONE NOT IN USE,NONE APPARENT,,S,I-280 S/B,65.0,B,PROCEEDING STRAIGHT,A,HAD NOT BEEN DRINKING,,,M,MALE,39.0,C,CA,A,ASIAN,22.0,PickupsAndPanels,2014.0,TOYT,TACOMA,RED,False,,,,,,,,3,4.0,5.0,False
7744412,2002335,2,Driver,True,False,False,M,AIR BAG NOT DEPLOYED,G,OCCUPANT LAP SHOULDER HARNESS USED,CELL PHONE NOT IN USE,NONE APPARENT,,S,US-101 S/B,65.0,B,PROCEEDING STRAIGHT,A,HAD NOT BEEN DRINKING,,,M,MALE,30.0,C,CA,H,HISPANIC,1.0,PassengerCarStationWagonJeep,2012.0,VW,CC,GRY,True,,,,,,,,2,4.0,4.0,False
7744411,2002335,1,Driver,,False,False,M,AIR BAG NOT DEPLOYED,G,OCCUPANT LAP SHOULDER HARNESS USED,CELL PHONE NOT IN USE,NONE APPARENT,,S,US-101 S/B,65.0,B,PROCEEDING STRAIGHT,A,HAD NOT BEEN DRINKING,,,M,MALE,42.0,C,CA,H,HISPANIC,22.0,PickupsAndPanels,2009.0,FORD,F-150,WHI,False,,,,,,,,4,4.0,4.0,False
7744406,2002332,3,Driver,,False,False,M,AIR BAG NOT DEPLOYED,G,OCCUPANT LAP SHOULDER HARNESS USED,CELL PHONE NOT IN USE,NONE APPARENT,,N,US-101 N/B,65.0,B,PROCEEDING STRAIGHT,A,HAD NOT BEEN DRINKING,,,M,MALE,33.0,C,CA,A,ASIAN,1.0,PassengerCarStationWagonJeep,1999.0,BMW,323I,SIL,False,,,,,,,,3,4.0,4.0,False
7744405,2002332,2,Driver,,False,False,M,AIR BAG NOT DEPLOYED,G,OCCUPANT LAP SHOULDER HARNESS USED,CELL PHONE NOT IN USE,VC SECTION VIOLATED - VC 22400(a),,N,US-101 N/B,65.0,B,PROCEEDING STRAIGHT,A,HAD NOT BEEN DRINKING,,,M,MALE,68.0,C,CA,A,ASIAN,7.0,SportUtilityVehicle,2004.0,TOYT,HIGHLANDER,SIL,False,,,,,,,,3,4.0,4.0,False
7744404,2002332,1,Driver,True,False,False,M,AIR BAG NOT DEPLOYED,G,OCCUPANT LAP SHOULDER HARNESS USED,CELL PHONE NOT IN USE,NONE APPARENT,,N,US-101 N/B,65.0,B,PROCEEDING STRAIGHT,A,HAD NOT BEEN DRINKING,,,M,MALE,39.0,C,CA,H,HISPANIC,8.0,MiniVan,2021.0,NISS,NV200,WHI,False,,,,,,,,3,4.0,4.0,False
7744272,2002262,2,Driver,,False,False,M,AIR BAG NOT DEPLOYED,G,OCCUPANT LAP SHOULDER HARNESS USED,CELL PHONE NOT IN USE,NONE APPARENT,,N,I-880 S/B,65.0,H,SLOWING/STOPPING,A,HAD NOT BEEN DRINKING,,,M,MALE,46.0,C,CA,A,ASIAN,1.0,PassengerCarStationWagonJeep,2001.0,HOND,CIVIC,BLU,False,,,,,,,,4,5.0,5.0,False
7744271,2002262,1,Driver,True,False,False,M,AIR BAG NOT DEPLOYED,G,OCCUPANT LAP SHOULDER HARNESS USED,CELL PHONE NOT IN USE,NONE APPARENT,,S,I-880 S/B,65.0,B,PROCEEDING STRAIGHT,A,HAD NOT BEEN DRINKING,,,M,MALE,18.0,C,CA,A,ASIAN,1.0,PassengerCarStationWagonJeep,2002.0,HOND,ACCORD,RED,False,,,,,,,,4,5.0,5.0,False
7744240,2002247,1,Driver,True,False,True,L,AIR BAG DEPLOYED,B,OCCUPANT UNKNOWN,CELL PHONE USE UNKNOWN,NONE APPARENT,,N,SR-87 N/B,65.0,R,OTHER,G,IMPAIRMENT_NOT_KNOWN,,,,,,,,,,1.0,PassengerCarStationWagonJeep,2017.0,FORD,FUSION,WHI,False,,,,,,,,1,3.0,3.0,False
7744179,2002218,1,Driver,True,False,False,L,AIR BAG DEPLOYED,G,OCCUPANT LAP SHOULDER HARNESS USED,CELL PHONE NOT IN USE,VC SECTION VIOLATED - VC 22107,,N,I-280 N/B FROM 10TH ST.,65.0,M,OTHER UNSAFE TURNING,B,HBD-UNDER INFLUENCE,,,M,MALE,30.0,C,CA,H,HISPANIC,1.0,PassengerCarStationWagonJeep,2014.0,TOYT,COROLLA,RED,True,,,,,,,,1,1.0,1.0,False
7744153,2002203,1,Driver,True,False,True,P,NOT REQUIRED,B,OCCUPANT UNKNOWN,CELL PHONE USE UNKNOWN,NONE APPARENT,,N,US-101 N/B TO I-880,65.0,B,PROCEEDING STRAIGHT,G,IMPAIRMENT_NOT_KNOWN,,,,,,,,,,2.0,Motorcycle,2020.0,HD,XL 1200,ONG,False,,,,,,,,EXIT,1.0,1.0,False
7744123,2002188,2,Driver,,False,False,M,AIR BAG NOT DEPLOYED,G,OCCUPANT LAP SHOULDER HARNESS USED,CELL PHONE NOT IN USE,NONE APPARENT,,N,US-101 N/B,65.0,J,CHANGING LANES,A,HAD NOT BEEN DRINKING,,,F,FEMALE,19.0,U,CA,H,HISPANIC,1.0,PassengerCarStationWagonJeep,2008.0,MAZD,MAZDA3,RED,False,,,,,,,,3,5.0,5.0,False
7744122,2002188,1,Driver,True,False,True,B,UNKNOWN,B,OCCUPANT UNKNOWN,CELL PHONE USE UNKNOWN,NONE APPARENT,,N,US-101 N/B,65.0,R,OTHER,G,IMPAIRMENT_NOT_KNOWN,,,,,,,,,,99.0,OtherUnknownHitAndRunDriver,,,,,False,,,,,,,,4,5.0,5.0,False
7744055,2002155,2,Driver,,False,False,M,AIR BAG NOT DEPLOYED,G,OCCUPANT LAP SHOULDER HARNESS USED,CELL PHONE NOT IN USE,NONE APPARENT,,S,I-880 S/B,65.0,B,PROCEEDING STRAIGHT,A,HAD NOT BEEN DRINKING,,,M,MALE,29.0,C,CA,O,OTHER,1.0,PassengerCarStationWagonJeep,2019.0,DODG,CHALLENGER,RED,False,,,,,,,,4,5.0,5.0,False
7744054,2002155,1,Driver,True,False,False,M,AIR BAG NOT DEPLOYED,G,OCCUPANT LAP SHOULDER HARNESS USED,CELL PHONE NOT IN USE,NONE APPARENT,,S,I-880 S/B,65.0,B,PROCEEDING STRAIGHT,A,HAD NOT BEEN DRINKING,,,M,MALE,56.0,C,CA,H,HISPANIC,1.0,PassengerCarStationWagonJeep,2002.0,VOLK,JETTA,BLU,False,,,,,,,,4,5.0,5.0,False
7744053,2002154,2,Driver,,False,False,M,AIR BAG NOT DEPLOYED,G,OCCUPANT LAP SHOULDER HARNESS USED,CELL PHONE NOT IN USE,NONE APPARENT,,N,I-880 N/B,65.0,B,PROCEEDING STRAIGHT,A,HAD NOT BEEN DRINKING,,,M,MALE,60.0,C,CA,A,ASIAN,1.0,PassengerCarStationWagonJeep,2014.0,HOND,CIVIC,WHI,False,,,,,,,,1,3.0,3.0,False
7744052,2002154,1,Driver,True,False,True,B,UNKNOWN,B,OCCUPANT UNKNOWN,CELL PHONE USE UNKNOWN,NONE APPARENT,,N,I-880 N/B,65.0,B,PROCEEDING STRAIGHT,G,IMPAIRMENT_NOT_KNOWN,,,,,,,,,,99.0,OtherUnknownHitAndRunDriver,,,,,False,,,,,,,,1,3.0,3.0,False
7744043,2002149,1,Driver,True,False,False,L,AIR BAG DEPLOYED,G,OCCUPANT LAP SHOULDER HARNESS USED,CELL PHONE NOT IN USE,ENTERING OR LEAVING RAMP,,N,US-101 N/B TO MONTAGUE EXPWY,65.0,R,OTHER,A,HAD NOT BEEN DRINKING,,,M,MALE,20.0,C,CA,H,HISPANIC,1.0,PassengerCarStationWagonJeep,2000.0,HOND,ACCORD,GLD,True,,,,,,,,1,1.0,1.0,False
7744026,2002141,1,Driver,True,False,True,M,AIR BAG NOT DEPLOYED,B,OCCUPANT UNKNOWN,CELL PHONE USE UNKNOWN,NONE APPARENT,,N,US-101 N/B TO DE LA CRUZ BLVD ,65.0,B,PROCEEDING STRAIGHT,G,IMPAIRMENT_NOT_KNOWN,,,,,,,,,,1.0,PassengerCarStationWagonJeep,2018.0,TOYT,YARIS,BLK,False,,,,,,,,1,2.0,2.0,False
7742826,2001512,2,Driver,,False,False,M,AIR BAG NOT DEPLOYED,G,OCCUPANT LAP SHOULDER HARNESS USED,CELL PHONE NOT IN USE,NONE APPARENT,,S,I-280 S/B,65.0,B,PROCEEDING STRAIGHT,A,HAD NOT BEEN DRINKING,,,F,FEMALE,44.0,C,CA,A,ASIAN,1.0,PassengerCarStationWagonJeep,2017.0,TESL,S,RED,False,,,,,,,,1,4.0,4.0,False
7742825,2001512,1,Driver,True,False,True,B,UNKNOWN,B,OCCUPANT UNKNOWN,CELL PHONE USE UNKNOWN,NONE APPARENT,,S,I-280 S/B,65.0,B,PROCEEDING STRAIGHT,G,IMPAIRMENT_NOT_KNOWN,,,,,,,,,,99.0,OtherUnknownHitAndRunDriver,2017.0,HOND,ACCORD,BLK,False,,,,,,,,1,4.0,4.0,False
7742680,2001438,2,Driver,,False,False,M,AIR BAG NOT DEPLOYED,G,OCCUPANT LAP SHOULDER HARNESS USED,CELL PHONE NOT IN USE,ENTERING OR LEAVING RAMP,,N,SR-85 N/B,65.0,A,STOPPED,A,HAD NOT BEEN DRINKING,,,M,MALE,58.0,C,CA,H,HISPANIC,1.0,PassengerCarStationWagonJeep,2002.0,SUBA,FORESTER,RED,False,,,,,,,,N/B,1.0,2.0,False
7742679,2001438,1,Driver,True,False,False,M,AIR BAG NOT DEPLOYED,G,OCCUPANT LAP SHOULDER HARNESS USED,CELL PHONE NOT IN USE,ENTERING OR LEAVING RAMP,,N,SR-85 N/B,65.0,B,PROCEEDING STRAIGHT,A,HAD NOT BEEN DRINKING,,,M,MALE,77.0,C,CA,O,OTHER,1.0,PassengerCarStationWagonJeep,2015.0,LEXS,ES350,BLK,True,,,,,,,,N/B,1.0,2.0,False
7742628,2001413,2,Driver,,False,False,M,AIR BAG NOT DEPLOYED,G,OCCUPANT LAP SHOULDER HARNESS USED,CELL PHONE NOT IN USE,NONE APPARENT,,N,I-280 N/B,60.0,B,PROCEEDING STRAIGHT,A,HAD NOT BEEN DRINKING,,,M,MALE,50.0,C,CA,H,HISPANIC,7.0,SportUtilityVehicle,2021.0,JEEP,LIBERTY,BLK,True,,,,,,,,3,4.0,4.0,False
7742627,2001413,1,Driver,True,False,False,M,AIR BAG NOT DEPLOYED,G,OCCUPANT LAP SHOULDER HARNESS USED,CELL PHONE NOT IN USE,NONE APPARENT,,N,I-280 N/B,65.0,J,CHANGING LANES,A,HAD NOT BEEN DRINKING,,,M,MALE,22.0,A,CA,H,HISPANIC,30.0,TwoTankTrailer,2015.0,PTRB,DUMP,WHI,False,32.0,PullTrailer,1998.0,RELIA,DUMP TRAILER,WHI,,4,4.0,5.0,False
7742599,2001400,2,Driver,,False,False,M,AIR BAG NOT DEPLOYED,G,OCCUPANT LAP SHOULDER HARNESS USED,CELL PHONE NOT IN USE,NONE APPARENT,,N,SR-17 N/B,65.0,A,STOPPED,A,HAD NOT BEEN DRINKING,,,F,FEMALE,34.0,F,MA,W,WHITE,1.0,PassengerCarStationWagonJeep,2022.0,TSMR,MODEL 3,GRY,False,,,,,,,,1,4.0,4.0,False
7742598,2001400,1,Driver,True,False,False,M,AIR BAG NOT DEPLOYED,G,OCCUPANT LAP SHOULDER HARNESS USED,CELL PHONE NOT IN USE,NONE APPARENT,,N,SR-17 N/B,65.0,B,PROCEEDING STRAIGHT,A,HAD NOT BEEN DRINKING,,,M,MALE,25.0,C,CA,W,WHITE,1.0,PassengerCarStationWagonJeep,2015.0,BMW,328I,BLU,False,,,,,,,,1,4.0,4.0,False
7742539,2001368,2,Driver,,False,False,P,NOT REQUIRED,G,OCCUPANT LAP SHOULDER HARNESS USED,CELL PHONE NOT IN USE,NONE APPARENT,,S,SR-85 S/B,65.0,A,STOPPED,G,IMPAIRMENT_NOT_KNOWN,,,M,MALE,52.0,C,CA,O,OTHER,1.0,PassengerCarStationWagonJeep,1985.0,MERZ,380 SL,GRY,False,,,,,,,,2,3.0,4.0,False
7742538,2001368,1,Driver,True,False,False,M,AIR BAG NOT DEPLOYED,G,OCCUPANT LAP SHOULDER HARNESS USED,CELL PHONE NOT IN USE,NONE APPARENT,,S,SR-85 S/B,65.0,B,PROCEEDING STRAIGHT,A,HAD NOT BEEN DRINKING,,,F,FEMALE,23.0,C,CA,H,HISPANIC,1.0,PassengerCarStationWagonJeep,2022.0,CHEV,MALIBU,BLK,False,,,,,,,,2,3.0,4.0,False
7742448,2001319,2,Driver,,False,False,M,AIR BAG NOT DEPLOYED,G,OCCUPANT LAP SHOULDER HARNESS USED,CELL PHONE NOT IN USE,NONE APPARENT,,N,I-880 N/B,65.0,H,SLOWING/STOPPING,A,HAD NOT BEEN DRINKING,,,M,MALE,29.0,U,,H,HISPANIC,1.0,PassengerCarStationWagonJeep,2007.0,TOYT,PRIUS,GRY,False,,,,,,,,3,4.0,4.0,False
7742447,2001319,1,Driver,True,False,False,M,AIR BAG NOT DEPLOYED,G,OCCUPANT LAP SHOULDER HARNESS USED,CELL PHONE NOT IN USE,NONE APPARENT,,N,I-880 N/B,65.0,B,PROCEEDING STRAIGHT,A,HAD NOT BEEN DRINKING,,,M,MALE,54.0,C,CA,W,WHITE,22.0,PickupsAndPanels,2019.0,CHEV,2500,WHI,False,,,,,,,,3,4.0,4.0,False
7742442,2001316,2,Driver,,False,False,M,AIR BAG NOT DEPLOYED,G,OCCUPANT LAP SHOULDER HARNESS USED,CELL PHONE NOT IN USE,NONE APPARENT,,N,SR-87 N/B TO I-280,65.0,B,PROCEEDING STRAIGHT,A,HAD NOT BEEN DRINKING,,,F,FEMALE,38.0,C,CA,H,HISPANIC,1.0,PassengerCarStationWagonJeep,2018.0,TOYT,CAMRY,BLK,False,,,,,,,,2,2.0,2.0,False
7742441,2001316,1,Driver,True,False,True,B,UNKNOWN,B,OCCUPANT UNKNOWN,CELL PHONE USE UNKNOWN,NONE APPARENT,,N,SR-87 N/B TO I-280,65.0,B,PROCEEDING STRAIGHT,G,IMPAIRMENT_NOT_KNOWN,,,,,,,,,,99.0,OtherUnknownHitAndRunDriver,,,,,False,,,,,,,,2,2.0,2.0,False
7742405,2001298,2,Driver,,False,False,P,NOT REQUIRED,G,OCCUPANT LAP SHOULDER HARNESS USED,CELL PHONE NOT IN USE,NONE APPARENT,,S,LEAN AVE.,30.0,A,STOPPED,A,HAD NOT BEEN DRINKING,,,F,FEMALE,59.0,B,CA,W,WHITE,14.0,SchoolBusPublicTypeII,2016.0,FORD,E350,YEL,False,,,,,,,,RT-SHLD,1.0,1.0,False
7742404,2001298,1,Driver,True,False,False,M,AIR BAG NOT DEPLOYED,G,OCCUPANT LAP SHOULDER HARNESS USED,CELL PHONE NOT IN USE,NONE APPARENT,,S,LEAN AVE.,30.0,B,PROCEEDING STRAIGHT,A,HAD NOT BEEN DRINKING,,,M,MALE,53.0,C,CA,W,WHITE,8.0,MiniVan,2017.0,FORD,TRANSIT 150,WHI,False,,,,,,,,S/B,1.0,1.0,False
7742299,2001242,3,Driver,,False,False,M,AIR BAG NOT DEPLOYED,G,OCCUPANT LAP SHOULDER HARNESS USED,CELL PHONE NOT IN USE,NONE APPARENT,,S,I-280 S/B,65.0,B,PROCEEDING STRAIGHT,A,HAD NOT BEEN DRINKING,,,M,MALE,19.0,C,CA,H,HISPANIC,1.0,PassengerCarStationWagonJeep,2014.0,HOND,ACCORD,BLK,False,,,,,,,,HOV,6.0,6.0,False
7742298,2001242,2,Driver,,False,False,M,AIR BAG NOT DEPLOYED,G,OCCUPANT LAP SHOULDER HARNESS USED,CELL PHONE NOT IN USE,NONE APPARENT,,S,I-280 S/B,65.0,H,SLOWING/STOPPING,A,HAD NOT BEEN DRINKING,,,M,MALE,67.0,A,CA,H,HISPANIC,25.0,TruckTractor,2014.0,PTRB,388,BLU,False,31.0,SemiTrailer,2007.0,RELIA,COMET,BLU,,2,6.0,6.0,False
7742297,2001242,1,Driver,True,False,False,M,AIR BAG NOT DEPLOYED,G,OCCUPANT LAP SHOULDER HARNESS USED,CELL PHONE NOT IN USE,NONE APPARENT,,S,I-280 S/B,65.0,R,OTHER,A,HAD NOT BEEN DRINKING,,,M,MALE,24.0,C,CA,W,WHITE,22.0,PickupsAndPanels,2022.0,TOYT,TACOMA,GRY,False,,,,,,,,1,6.0,6.0,False
7742117,2001144,1,Driver,True,False,False,M,AIR BAG NOT DEPLOYED,G,OCCUPANT LAP SHOULDER HARNESS USED,CELL PHONE NOT IN USE,NONE APPARENT,,S,US-101 S/B,65.0,R,OTHER,A,HAD NOT BEEN DRINKING,,,M,MALE,79.0,C,CA,W,WHITE,1.0,PassengerCarStationWagonJeep,1994.0,BMW,74OI,BLK,True,,,,,,,,4,4.0,4.0,False
7742040,2001105,3,Driver,,False,False,M,AIR BAG NOT DEPLOYED,G,OCCUPANT LAP SHOULDER HARNESS USED,CELL PHONE NOT IN USE,NONE APPARENT,,S,SR-87 S/B TO SR-87 S/B,65.0,A,STOPPED,A,HAD NOT BEEN DRINKING,,,F,FEMALE,46.0,C,CA,H,HISPANIC,7.0,SportUtilityVehicle,2022.0,BMW,X1,WHI,False,,,,,,,,1,2.0,2.0,False
7742039,2001105,2,Driver,,False,False,M,AIR BAG NOT DEPLOYED,G,OCCUPANT LAP SHOULDER HARNESS USED,CELL PHONE NOT IN USE,NONE APPARENT,,S,SR-87 S/B TO I-280 S/B,65.0,A,STOPPED,A,HAD NOT BEEN DRINKING,,,M,MALE,40.0,C,CA,A,ASIAN,1.0,PassengerCarStationWagonJeep,2022.0,TESL,X,BLK,False,,,,,,,,1,2.0,2.0,False
7742038,2001105,1,Driver,True,False,False,M,AIR BAG NOT DEPLOYED,G,OCCUPANT LAP SHOULDER HARNESS USED,CELL PHONE NOT IN USE,INATTENTION,OTHER,S,SR-87 S/B TO I-280 S/B,65.0,B,PROCEEDING STRAIGHT,A,HAD NOT BEEN DRINKING,,,M,MALE,62.0,U,CA,W,WHITE,12.0,NonCommercialBus,1995.0,FORD,CHAMPION,,False,,,,,,,,1,2.0,2.0,False
7742031,2001101,3,Driver,,False,False,M,AIR BAG NOT DEPLOYED,G,OCCUPANT LAP SHOULDER HARNESS USED,CELL PHONE NOT IN USE,NONE APPARENT,,N,SR-87 N/B,65.0,A,STOPPED,A,HAD NOT BEEN DRINKING,,,M,MALE,32.0,C,CA,W,WHITE,1.0,PassengerCarStationWagonJeep,2021.0,SUBA,CROSSTREK,WHI,False,,,,,,,,2,3.0,3.0,False
7742030,2001101,2,Driver,,False,False,M,AIR BAG NOT DEPLOYED,G,OCCUPANT LAP SHOULDER HARNESS USED,CELL PHONE NOT IN USE,NONE APPARENT,,N,SR-87 N/B,65.0,A,STOPPED,A,HAD NOT BEEN DRINKING,,,F,FEMALE,42.0,C,CA,H,HISPANIC,7.0,SportUtilityVehicle,2022.0,TOYT,RAV4,GRY,False,,,,,,,,2,3.0,3.0,False