PartyId,CollisionId,PartyNumber,PartyType,IsAtFault,IsOnDutyEmergencyVehicle,IsHitAndRun,AirbagCode,AirbagDescription,SafetyEquipmentCode,SafetyEquipmentDescription,Special Information,Other Associate Factor,Inattention,DirectionOfTravel,StreetOrHighwayName,SpeedLimit,MovementPrecCollCode,MovementPrecCollDescription,SobrietyDrugPhysicalCode1,SobrietyDrugPhysicalDescription1,SobrietyDrugPhysicalCode2,SobrietyDrugPhysicalDescription2,GenderCode,GenderDescription,StatedAge,DriverLicenseClass,DriverLicenseStateCode,RaceCode,RaceDesc,Vehicle1TypeId, Vehicle1TypeDesc, Vehicle1Year,Vehicle1Make,Vehicle1Model,Vehicle1Color,V1IsVehicleTowed,Vehicle2TypeId, Vehicle2TypeDesc, Vehicle2Year,Vehicle2Make,Vehicle2Model,Vehicle2Color,V2IsVehicleTowed,Lane,ThruLanes,TotalLanes,IsDREConducted
8510497,2090461,2,Driver,,False,False,M,AIR BAG NOT DEPLOYED,G,OCCUPANT LAP SHOULDER HARNESS USED,CELL PHONE NOT IN USE,NONE APPARENT,,N,SR-87 N/B,65.0,B,PROCEEDING STRAIGHT,A,HAD NOT BEEN DRINKING,,,M,MALE,25.0,C,CA,H,HISPANIC,22.0,PickupsAndPanels,2016.0,TOYT,TUNDRA,WHI,False,,,,,,,,2,4.0,4.0,False
8510496,2090461,1,Driver,True,False,True,B,UNKNOWN,B,OCCUPANT UNKNOWN,CELL PHONE USE UNKNOWN,NONE APPARENT,,N,SR-87 N/B,65.0,R,OTHER,G,IMPAIRMENT_NOT_KNOWN,,,,,,,,,,99.0,OtherUnknownHitAndRunDriver,,,,,False,,,,,,,,3,4.0,4.0,False
8510476,2090450,3,Driver,,False,False,M,AIR BAG NOT DEPLOYED,G,OCCUPANT LAP SHOULDER HARNESS USED,CELL PHONE NOT IN USE,NONE APPARENT,,N,I-880 N/B,65.0,A,STOPPED,A,HAD NOT BEEN DRINKING,,,M,MALE,23.0,C,CA,A,ASIAN,1.0,PassengerCarStationWagonJeep,2022.0,TESL,MODEL 3,BLK,False,,,,,,,,3,4.0,4.0,False
8510475,2090450,2,Driver,,False,False,M,AIR BAG NOT DEPLOYED,G,OCCUPANT LAP SHOULDER HARNESS USED,CELL PHONE NOT IN USE,NONE APPARENT,,N,I-880 N/B,65.0,H,SLOWING/STOPPING,A,HAD NOT BEEN DRINKING,,,M,MALE,52.0,C,CA,W,WHITE,1.0,PassengerCarStationWagonJeep,2022.0,TOYT,COROLLA,GRY,False,,,,,,,,3,4.0,4.0,False
8510474,2090450,1,Driver,True,False,False,L,AIR BAG DEPLOYED,G,OCCUPANT LAP SHOULDER HARNESS USED,CELL PHONE NOT IN USE,NONE APPARENT,,N,I-880 N/B,65.0,B,PROCEEDING STRAIGHT,A,HAD NOT BEEN DRINKING,,,F,FEMALE,18.0,F,MT,W,WHITE,1.0,PassengerCarStationWagonJeep,2012.0,MNNI,MINI COOPER,GRN,True,,,,,,,,3,4.0,4.0,False
8510459,2090441,2,Driver,,False,False,M,AIR BAG NOT DEPLOYED,G,OCCUPANT LAP SHOULDER HARNESS USED,CELL PHONE NOT IN USE,NONE APPARENT,,S,SR-85 S/B,65.0,H,SLOWING/STOPPING,A,HAD NOT BEEN DRINKING,,,F,FEMALE,37.0,C,CA,W,WHITE,1.0,PassengerCarStationWagonJeep,2017.0,VOLK,JETTA,GRY,True,,,,,,,,1,4.0,4.0,False
8510458,2090441,1,Driver,True,False,False,M,AIR BAG NOT DEPLOYED,G,OCCUPANT LAP SHOULDER HARNESS USED,CELL PHONE NOT IN USE,NONE APPARENT,,S,SR-85 S/B,65.0,B,PROCEEDING STRAIGHT,A,HAD NOT BEEN DRINKING,,,M,MALE,62.0,C,CA,W,WHITE,7.0,SportUtilityVehicle,2013.0,BMW,X3,BLK,False,,,,,,,,1,4.0,4.0,False
8510349,2090381,2,Driver,True,False,False,M,AIR BAG NOT DEPLOYED,G,OCCUPANT LAP SHOULDER HARNESS USED,CELL PHONE NOT IN USE,NONE APPARENT,,N,US-101 N/B,65.0,R,OTHER,A,HAD NOT BEEN DRINKING,,,F,FEMALE,38.0,C,CA,H,HISPANIC,7.0,SportUtilityVehicle,2013.0,GMC,YUKON,BLK,False,,,,,,,,4,5.0,5.0,False
8510348,2090381,1,Driver,,False,False,M,AIR BAG NOT DEPLOYED,G,OCCUPANT LAP SHOULDER HARNESS USED,CELL PHONE NOT IN USE,NONE APPARENT,,N,US-101 N/B,65.0,B,PROCEEDING STRAIGHT,A,HAD NOT BEEN DRINKING,,,M,MALE,35.0,C,CA,H,HISPANIC,22.0,PickupsAndPanels,1988.0,CHEV,P30,WHI,False,,,,,,,,5,5.0,5.0,False
8510300,2090355,1,Driver,True,False,False,L,AIR BAG DEPLOYED,G,OCCUPANT LAP SHOULDER HARNESS USED,CELL PHONE HANDHELD IN USE,INATTENTION,CELL PHONE HANDHELD,S,I-280 S/B TO US-101 S/B,65.0,R,OTHER,A,HAD NOT BEEN DRINKING,,,M,MALE,37.0,C,CA,H,HISPANIC,1.0,PassengerCarStationWagonJeep,2008.0,NISS,ALTIMA,TAN,True,,,,,,,,1,2.0,2.0,False
8510246,2090325,2,Driver,,False,False,M,AIR BAG NOT DEPLOYED,G,OCCUPANT LAP SHOULDER HARNESS USED,CELL PHONE NOT IN USE,NONE APPARENT,,S,I-280 S/B,65.0,A,STOPPED,A,HAD NOT BEEN DRINKING,,,M,MALE,44.0,U,CA,H,HISPANIC,22.0,PickupsAndPanels,2006.0,FORD,F250,WHI,False,,,,,,,,2,4.0,4.0,False
8510245,2090325,1,Driver,True,False,False,L,AIR BAG DEPLOYED,G,OCCUPANT LAP SHOULDER HARNESS USED,CELL PHONE NOT IN USE,NONE APPARENT,,S,I-280 S/B,65.0,B,PROCEEDING STRAIGHT,A,HAD NOT BEEN DRINKING,,,F,FEMALE,28.0,C,CA,A,ASIAN,1.0,PassengerCarStationWagonJeep,2017.0,MITS,LANCER,GRY,True,,,,,,,,2,4.0,4.0,False
8510223,2090312,2,Driver,True,False,False,P,NOT REQUIRED,W,MOTOR BICYCLE DRIVER WITH HELMET,CELL PHONE NOT IN USE,NONE APPARENT,,S,I-880,65.0,B,PROCEEDING STRAIGHT,A,HAD NOT BEEN DRINKING,,,M,MALE,60.0,C,CA,W,WHITE,2.0,Motorcycle,2017.0,YAMA,FJR 1300,BLU,False,,,,,,,,HOV,4.0,4.0,False
8510222,2090312,1,Driver,,False,False,M,AIR BAG NOT DEPLOYED,G,OCCUPANT LAP SHOULDER HARNESS USED,CELL PHONE NOT IN USE,NONE APPARENT,,S,I-880,65.0,B,PROCEEDING STRAIGHT,A,HAD NOT BEEN DRINKING,,,F,FEMALE,33.0,C,CA,O,OTHER,1.0,PassengerCarStationWagonJeep,2005.0,BMW,325XI,SIL,False,,,,,,,,HOV,4.0,4.0,False
8510186,2090291,2,Driver,,False,False,M,AIR BAG NOT DEPLOYED,G,OCCUPANT LAP SHOULDER HARNESS USED,CELL PHONE NOT IN USE,NONE APPARENT,,N,I-680 N/B,65.0,A,STOPPED,A,HAD NOT BEEN DRINKING,,,M,MALE,26.0,C,CA,H,HISPANIC,7.0,SportUtilityVehicle,2023.0,ACUR,MDX,WHI,False,,,,,,,,1,4.0,4.0,False
8510185,2090291,1,Driver,True,False,False,M,AIR BAG NOT DEPLOYED,G,OCCUPANT LAP SHOULDER HARNESS USED,CELL PHONE NOT IN USE,NONE APPARENT,,N,I-680 N/B,65.0,B,PROCEEDING STRAIGHT,A,HAD NOT BEEN DRINKING,,,M,MALE,22.0,U,CA,H,HISPANIC,1.0,PassengerCarStationWagonJeep,2012.0,FORD,FOCUS,WHI,False,,,,,,,,1,4.0,4.0,False
8510182,2090289,3,Driver,,False,False,M,AIR BAG NOT DEPLOYED,G,OCCUPANT LAP SHOULDER HARNESS USED,CELL PHONE NOT IN USE,NONE APPARENT,,N,I-880 N/B,65.0,H,SLOWING/STOPPING,A,HAD NOT BEEN DRINKING,,,M,MALE,33.0,C,CA,W,WHITE,8.0,MiniVan,2017.0,RAM,PRO MASTER,BLK,False,,,,,,,,1,3.0,3.0,False
8510181,2090289,2,Driver,,False,False,M,AIR BAG NOT DEPLOYED,G,OCCUPANT LAP SHOULDER HARNESS USED,CELL PHONE NOT IN USE,NONE APPARENT,,N,I-880 N/B,65.0,A,STOPPED,A,HAD NOT BEEN DRINKING,,,M,MALE,51.0,F,OR,A,ASIAN,7.0,SportUtilityVehicle,2021.0,CHEV,TRAIL BLAZER,WHI,True,,,,,,,,1,3.0,3.0,False
8510180,2090289,1,Driver,True,False,False,M,AIR BAG NOT DEPLOYED,G,OCCUPANT LAP SHOULDER HARNESS USED,CELL PHONE NOT IN USE,NONE APPARENT,,N,I-880 N/B,65.0,B,PROCEEDING STRAIGHT,A,HAD NOT BEEN DRINKING,,,F,FEMALE,66.0,C,CA,H,HISPANIC,7.0,SportUtilityVehicle,2018.0,TOYT,RAV4,SIL,True,,,,,,,,1,3.0,3.0,False
8510171,2090284,1,Driver,True,False,False,L,AIR BAG DEPLOYED,G,OCCUPANT LAP SHOULDER HARNESS USED,CELL PHONE NOT IN USE,NONE APPARENT,,N,US-101 N/B,65.0,R,OTHER,A,HAD NOT BEEN DRINKING,,,M,MALE,22.0,U,CA,H,HISPANIC,1.0,PassengerCarStationWagonJeep,2002.0,VOLK,JETTA,BLK,True,,,,,,,,1,5.0,5.0,False
8510110,2090254,2,Driver,,False,False,M,AIR BAG NOT DEPLOYED,G,OCCUPANT LAP SHOULDER HARNESS USED,CELL PHONE NOT IN USE,NONE APPARENT,,S,I-680 S/B,65.0,B,PROCEEDING STRAIGHT,A,HAD NOT BEEN DRINKING,,,F,FEMALE,49.0,C,CA,A,ASIAN,1.0,PassengerCarStationWagonJeep,2014.0,ACUR,TSX,WHI,False,,,,,,,,4,4.0,4.0,False
8510109,2090254,1,Driver,True,False,False,M,AIR BAG NOT DEPLOYED,G,OCCUPANT LAP SHOULDER HARNESS USED,CELL PHONE NOT IN USE,VC SECTION VIOLATED - VC 22107,,S,I-680 S/B,65.0,R,OTHER,B,HBD-UNDER INFLUENCE,,,F,FEMALE,32.0,U,CA,H,HISPANIC,1.0,PassengerCarStationWagonJeep,1993.0,TOYT,CELICA,WHI,False,,,,,,,,1,4.0,4.0,False
8509848,2090113,2,Driver,,False,False,M,AIR BAG NOT DEPLOYED,G,OCCUPANT LAP SHOULDER HARNESS USED,CELL PHONE NOT IN USE,NONE APPARENT,,N,I-280 N/B,65.0,B,PROCEEDING STRAIGHT,A,HAD NOT BEEN DRINKING,,,M,MALE,25.0,C,CA,H,HISPANIC,1.0,PassengerCarStationWagonJeep,2021.0,HYUN,SONATA,GRY,False,,,,,,,,3,4.0,4.0,False
8509847,2090113,1,Driver,,False,False,M,AIR BAG NOT DEPLOYED,G,OCCUPANT LAP SHOULDER HARNESS USED,CELL PHONE NOT IN USE,NONE APPARENT,,N,I-280 N/B,65.0,B,PROCEEDING STRAIGHT,A,HAD NOT BEEN DRINKING,,,M,MALE,24.0,U,,H,HISPANIC,1.0,PassengerCarStationWagonJeep,2011.0,HOND,INSIGHT,BLK,False,,,,,,,,3,4.0,4.0,False
8509843,2090110,2,Driver,,False,False,M,AIR BAG NOT DEPLOYED,G,OCCUPANT LAP SHOULDER HARNESS USED,CELL PHONE NOT IN USE,NONE APPARENT,,S,I-680 S/B FROM CAPITOL EXPY,65.0,A,STOPPED,A,HAD NOT BEEN DRINKING,,,F,FEMALE,50.0,C,CA,H,HISPANIC,1.0,PassengerCarStationWagonJeep,2013.0,TOYT,COROLLA,BLU,False,,,,,,,,S/B,1.0,1.0,False
8509842,2090110,1,Driver,True,False,False,L,AIR BAG DEPLOYED,G,OCCUPANT LAP SHOULDER HARNESS USED,CELL PHONE NOT IN USE,NONE APPARENT,,S,I-680 S/B FROM CAPITOL EXPY,65.0,B,PROCEEDING STRAIGHT,A,HAD NOT BEEN DRINKING,,,M,MALE,23.0,C,CA,O,OTHER,1.0,PassengerCarStationWagonJeep,2008.0,BMW,328I,BLK,False,,,,,,,,S/B,1.0,1.0,False
8509808,2090092,2,Driver,,False,False,M,AIR BAG NOT DEPLOYED,G,OCCUPANT LAP SHOULDER HARNESS USED,CELL PHONE NOT IN USE,NONE APPARENT,,S,US-101 S/B,65.0,B,PROCEEDING STRAIGHT,A,HAD NOT BEEN DRINKING,,,M,MALE,47.0,U,CA,H,HISPANIC,1.0,PassengerCarStationWagonJeep,2020.0,TOYT,CAMRY,SIL,True,,,,,,,,3,4.0,5.0,False
8509807,2090092,1,Driver,True,False,False,L,AIR BAG DEPLOYED,G,OCCUPANT LAP SHOULDER HARNESS USED,CELL PHONE NOT IN USE,VC SECTION VIOLATED - VC 22350,,S,US-101 S/B,65.0,B,PROCEEDING STRAIGHT,B,HBD-UNDER INFLUENCE,,,M,MALE,16.0,,,H,HISPANIC,7.0,SportUtilityVehicle,2023.0,HOND,CRV,WHI,True,,,,,,,,3,4.0,5.0,False
8509792,2090083,2,Driver,,False,False,L,AIR BAG DEPLOYED,G,OCCUPANT LAP SHOULDER HARNESS USED,CELL PHONE NOT IN USE,NONE APPARENT,,S,US-101 S/B,65.0,B,PROCEEDING STRAIGHT,A,HAD NOT BEEN DRINKING,,,M,MALE,22.0,C,CA,O,OTHER,1.0,PassengerCarStationWagonJeep,2015.0,HYUN,ELANTRA,SIL,True,,,,,,,,4,5.0,6.0,False
8509791,2090083,1,Driver,True,False,False,L,AIR BAG DEPLOYED,G,OCCUPANT LAP SHOULDER HARNESS USED,CELL PHONE NOT IN USE,VC SECTION VIOLATED - VC 22107,,S,US-101 S/B,65.0,M,OTHER UNSAFE TURNING,B,HBD-UNDER INFLUENCE,,,M,MALE,22.0,U,CA,H,HISPANIC,1.0,PassengerCarStationWagonJeep,2011.0,BMW,335I,BLK,True,,,,,,,,3,5.0,6.0,False
8509755,2090062,2,Driver,,False,False,M,AIR BAG NOT DEPLOYED,G,OCCUPANT LAP SHOULDER HARNESS USED,CELL PHONE NOT IN USE,NONE APPARENT,,N,I-880 N/B,65.0,B,PROCEEDING STRAIGHT,A,HAD NOT BEEN DRINKING,,,F,FEMALE,34.0,C,CA,W,WHITE,7.0,SportUtilityVehicle,2008.0,TOYT,RAV4,BLK,True,,,,,,,,4,4.0,4.0,False
8509754,2090062,1,Driver,True,False,True,B,UNKNOWN,B,OCCUPANT UNKNOWN,CELL PHONE USE UNKNOWN,NONE APPARENT,,N,I-880 N/B,65.0,B,PROCEEDING STRAIGHT,G,IMPAIRMENT_NOT_KNOWN,,,,,,,,,,99.0,OtherUnknownHitAndRunDriver,,,,,False,,,,,,,,4,4.0,4.0,False
8509737,2090052,1,Driver,,False,False,M,AIR BAG NOT DEPLOYED,G,OCCUPANT LAP SHOULDER HARNESS USED,CELL PHONE NOT IN USE,NONE APPARENT,,N,I-280 N/B,65.0,B,PROCEEDING STRAIGHT,A,HAD NOT BEEN DRINKING,,,M,MALE,38.0,C,CA,W,WHITE,7.0,SportUtilityVehicle,2020.0,MAZD,CX5,DBL,False,,,,,,,,2,4.0,4.0,False
8509728,2090047,1,Driver,True,False,False,M,AIR BAG NOT DEPLOYED,G,OCCUPANT LAP SHOULDER HARNESS USED,CELL PHONE NOT IN USE,NONE APPARENT,,S,SR-87 S/B,65.0,R,OTHER,A,HAD NOT BEEN DRINKING,,,M,MALE,25.0,F,AZ,H,HISPANIC,26.0,TwoAxleTruck,2016.0,ISU,NPR TB,WHI,False,,,,,,,,3,4.0,4.0,False
8509712,2090037,2,Driver,,False,False,M,AIR BAG NOT DEPLOYED,G,OCCUPANT LAP SHOULDER HARNESS USED,CELL PHONE NOT IN USE,NONE APPARENT,,N,I-280 N/B,65.0,H,SLOWING/STOPPING,A,HAD NOT BEEN DRINKING,,,M,MALE,23.0,C,CA,A,ASIAN,1.0,PassengerCarStationWagonJeep,2018.0,BMW,320I,BLK,False,,,,,,,,3,4.0,4.0,False
8509711,2090037,1,Driver,True,False,False,L,AIR BAG DEPLOYED,G,OCCUPANT LAP SHOULDER HARNESS USED,CELL PHONE NOT IN USE,VC SECTION VIOLATED - VC 22350,,N,I-280 N/B,65.0,B,PROCEEDING STRAIGHT,B,HBD-UNDER INFLUENCE,,,M,MALE,43.0,C,CA,B,BLACK,1.0,PassengerCarStationWagonJeep,2005.0,NISS,ALTIMA,SIL,False,,,,,,,,3,4.0,4.0,False
8509676,2090020,2,Driver,,False,False,M,AIR BAG NOT DEPLOYED,G,OCCUPANT LAP SHOULDER HARNESS USED,CELL PHONE NOT IN USE,NONE APPARENT,,S,I-680 S/B ,65.0,H,SLOWING/STOPPING,A,HAD NOT BEEN DRINKING,,,M,MALE,30.0,C,CA,H,HISPANIC,1.0,PassengerCarStationWagonJeep,2014.0,BUIC,VERANO ,RED,False,,,,,,,,4,4.0,5.0,False
8509675,2090020,1,Driver,True,False,False,M,AIR BAG NOT DEPLOYED,G,OCCUPANT LAP SHOULDER HARNESS USED,,NONE APPARENT,,N,I-680 S/B ,55.0,B,PROCEEDING STRAIGHT,A,HAD NOT BEEN DRINKING,,,M,MALE,24.0,A,ON,O,OTHER,25.0,TruckTractor,2023.0,FRHT,CASCADIA ,WHI,False,,,,,,,,4,4.0,5.0,False
8509672,2090017,1,Driver,True,False,False,L,AIR BAG DEPLOYED,G,OCCUPANT LAP SHOULDER HARNESS USED,CELL PHONE NOT IN USE,NONE APPARENT,,S,I-280 S/B,65.0,R,OTHER,A,HAD NOT BEEN DRINKING,,,M,MALE,30.0,C,CA,H,HISPANIC,7.0,SportUtilityVehicle,2022.0,VOLV,XC90,BLK,True,,,,,,,,1,4.0,5.0,False
8509664,2090012,2,Driver,,False,False,M,AIR BAG NOT DEPLOYED,G,OCCUPANT LAP SHOULDER HARNESS USED,CELL PHONE NOT IN USE,NONE APPARENT,,S,US-101 S/B,65.0,B,PROCEEDING STRAIGHT,A,HAD NOT BEEN DRINKING,,,M,MALE,45.0,C,CA,H,HISPANIC,8.0,MiniVan,2018.0,FORD,TRANSIT 250,WHI,False,,,,,,,,5,6.0,6.0,False
8509663,2090012,1,Driver,True,False,True,B,UNKNOWN,B,OCCUPANT UNKNOWN,CELL PHONE USE UNKNOWN,NONE APPARENT,,S,US-101 S/B,65.0,R,OTHER,G,IMPAIRMENT_NOT_KNOWN,,,,,,,,,,99.0,OtherUnknownHitAndRunDriver,,,,,False,,,,,,,,1,6.0,6.0,False
8508609,2089472,3,Driver,,False,True,B,UNKNOWN,B,OCCUPANT UNKNOWN,CELL PHONE USE UNKNOWN,NONE APPARENT,,N,SR-85 N/B TO CAMDEN AVENUE ,65.0,A,STOPPED,G,IMPAIRMENT_NOT_KNOWN,,,,,,,,,,99.0,OtherUnknownHitAndRunDriver,,,,,False,,,,,,,,LT,1.0,2.0,False
8508608,2089472,2,Driver,,False,False,M,AIR BAG NOT DEPLOYED,G,OCCUPANT LAP SHOULDER HARNESS USED,CELL PHONE NOT IN USE,NONE APPARENT,,N,SR-85 N/B TO CAMDEN AVE,65.0,A,STOPPED,A,HAD NOT BEEN DRINKING,,,M,MALE,22.0,C,CA,W,WHITE,1.0,PassengerCarStationWagonJeep,2011.0,FORD,CROWN VICTORIA,BLK,False,,,,,,,,LT,1.0,2.0,False
8508607,2089472,1,Driver,True,False,False,L,AIR BAG DEPLOYED,G,OCCUPANT LAP SHOULDER HARNESS USED,CELL PHONE USE UNKNOWN,NONE APPARENT,,N,SR-85 N/B TO CAMDEN AVENUE,65.0,B,PROCEEDING STRAIGHT,G,IMPAIRMENT_NOT_KNOWN,,,M,MALE,33.0,C,CA,W,WHITE,7.0,SportUtilityVehicle,2014.0,FORD,ESCAPE,WHI,False,,,,,,,,LT,1.0,2.0,False
8508601,2089468,2,Driver,,False,False,M,AIR BAG NOT DEPLOYED,G,OCCUPANT LAP SHOULDER HARNESS USED,CELL PHONE NOT IN USE,NONE APPARENT,,S,I-880 S/B,65.0,H,SLOWING/STOPPING,A,HAD NOT BEEN DRINKING,,,M,MALE,33.0,C,CA,O,OTHER,1.0,PassengerCarStationWagonJeep,2017.0,HOND,CIVIC,BLU,False,,,,,,,,4,4.0,4.0,False
8508600,2089468,1,Driver,True,False,False,M,AIR BAG NOT DEPLOYED,G,OCCUPANT LAP SHOULDER HARNESS USED,CELL PHONE NOT IN USE,NONE APPARENT,,S,I-880 S/B,65.0,B,PROCEEDING STRAIGHT,A,HAD NOT BEEN DRINKING,,,M,MALE,21.0,C,CA,B,BLACK,1.0,PassengerCarStationWagonJeep,1998.0,HYUN,ELANTRA,WHI,False,,,,,,,,4,4.0,4.0,False
8508571,2089451,2,Driver,,False,False,M,AIR BAG NOT DEPLOYED,G,OCCUPANT LAP SHOULDER HARNESS USED,CELL PHONE NOT IN USE,NONE APPARENT,,S,I-880 S/B,65.0,A,STOPPED,A,HAD NOT BEEN DRINKING,,,M,MALE,54.0,C,CA,A,ASIAN,8.0,MiniVan,2016.0,HOND,ODYSSEY,WHI/,False,,,,,,,,1,5.0,5.0,False
8508570,2089451,1,Driver,True,False,False,M,AIR BAG NOT DEPLOYED,G,OCCUPANT LAP SHOULDER HARNESS USED,CELL PHONE NOT IN USE,NONE APPARENT,,S,I-880 S/B,65.0,B,PROCEEDING STRAIGHT,A,HAD NOT BEEN DRINKING,,,M,MALE,40.0,C,CA,W,WHITE,1.0,PassengerCarStationWagonJeep,2010.0,FORD,FUSION,SIL,False,,,,,,,,1,5.0,5.0,False
8508538,2089436,1,Driver,True,False,False,M,AIR BAG NOT DEPLOYED,G,OCCUPANT LAP SHOULDER HARNESS USED,CELL PHONE NOT IN USE,NONE APPARENT,,S,I-280 SB TO SR-87 ,65.0,R,OTHER,A,HAD NOT BEEN DRINKING,,,M,MALE,31.0,U,CA,H,HISPANIC,1.0,PassengerCarStationWagonJeep,2004.0,TOYT,PRIUS,RED,False,,,,,,,,2,2.0,2.0,False
8508525,2089430,2,Driver,,False,False,M,AIR BAG NOT DEPLOYED,G,OCCUPANT LAP SHOULDER HARNESS USED,CELL PHONE NOT IN USE,NONE APPARENT,,S,I-280 S/B,65.0,B,PROCEEDING STRAIGHT,A,HAD NOT BEEN DRINKING,,,M,MALE,45.0,C,CA,A,ASIAN,1.0,PassengerCarStationWagonJeep,2022.0,TSMR,3,WHI,False,,,,,,,,2,5.0,6.0,False
8508524,2089430,1,Driver,True,False,False,M,AIR BAG NOT DEPLOYED,G,OCCUPANT LAP SHOULDER HARNESS USED,CELL PHONE NOT IN USE,NONE APPARENT,,S,I-280 S/B,65.0,J,CHANGING LANES,A,HAD NOT BEEN DRINKING,,,M,MALE,29.0,C,CA,H,HISPANIC,26.0,TwoAxleTruck,2017.0,HINO,268,WHI,False,,,,,,,,1,5.0,6.0,False
8508518,2089426,1,Driver,True,False,False,M,AIR BAG NOT DEPLOYED,G,OCCUPANT LAP SHOULDER HARNESS USED,CELL PHONE NOT IN USE,NONE APPARENT,,S,US-101 S/B,65.0,B,PROCEEDING STRAIGHT,A,HAD NOT BEEN DRINKING,,,M,MALE,22.0,C,CA,H,HISPANIC,1.0,PassengerCarStationWagonJeep,1994.0,TOYT,CAMRY,BRZ,True,,,,,,,,4,5.0,5.0,False
8508511,2089422,1,Driver,True,False,False,L,AIR BAG DEPLOYED,G,OCCUPANT LAP SHOULDER HARNESS USED,CELL PHONE NOT IN USE,NONE APPARENT,,N,US-101 N/B,65.0,B,PROCEEDING STRAIGHT,A,HAD NOT BEEN DRINKING,,,M,MALE,32.0,C,CA,H,HISPANIC,1.0,PassengerCarStationWagonJeep,2012.0,MERZ,E350,GRY,False,,,,,,,,2,5.0,5.0,False
8508488,2089409,2,Driver,,False,False,M,AIR BAG NOT DEPLOYED,G,OCCUPANT LAP SHOULDER HARNESS USED,CELL PHONE NOT IN USE,NONE APPARENT,,S,I-680 S/B,65.0,H,SLOWING/STOPPING,A,HAD NOT BEEN DRINKING,,,M,MALE,51.0,C,CA,O,OTHER,7.0,SportUtilityVehicle,2007.0,ACUR,MDX,GRY,False,,,,,,,,2,4.0,4.0,False
8508487,2089409,1,Driver,True,False,False,M,AIR BAG NOT DEPLOYED,G,OCCUPANT LAP SHOULDER HARNESS USED,CELL PHONE NOT IN USE,NONE APPARENT,,S,I-680 S/B,65.0,B,PROCEEDING STRAIGHT,A,HAD NOT BEEN DRINKING,,,F,FEMALE,70.0,C,CA,H,HISPANIC,7.0,SportUtilityVehicle,2013.0,TOYT,HIGHLANDER,DBL/,False,,,,,,,,2,4.0,4.0,False
8508477,2089403,2,Driver,,False,False,M,AIR BAG NOT DEPLOYED,G,OCCUPANT LAP SHOULDER HARNESS USED,CELL PHONE NOT IN USE,NONE APPARENT,,E,SR-237 E/B,65.0,B,PROCEEDING STRAIGHT,A,HAD NOT BEEN DRINKING,,,M,MALE,71.0,C,CA,A,ASIAN,1.0,PassengerCarStationWagonJeep,2005.0,NISS,ALTIMA,GRN,False,,,,,,,,XPRS,2.0,3.0,False
8508476,2089403,1,Driver,True,False,False,M,AIR BAG NOT DEPLOYED,G,OCCUPANT LAP SHOULDER HARNESS USED,CELL PHONE NOT IN USE,NONE APPARENT,,E,SR-237 E/B,65.0,R,OTHER,A,HAD NOT BEEN DRINKING,,,M,MALE,21.0,C,CA,H,HISPANIC,22.0,PickupsAndPanels,2018.0,TOYT,TACOMA,RED,False,,,,,,,,1,2.0,3.0,False
8508471,2089400,2,Driver,,False,False,M,AIR BAG NOT DEPLOYED,G,OCCUPANT LAP SHOULDER HARNESS USED,CELL PHONE NOT IN USE,NONE APPARENT,,S,US-101 S/B ,65.0,B,PROCEEDING STRAIGHT,A,HAD NOT BEEN DRINKING,,,M,MALE,38.0,C,CA,O,OTHER,1.0,PassengerCarStationWagonJeep,2022.0,TESL,MODEL 3,WHI,False,,,,,,,,5,5.0,5.0,False
8508470,2089400,1,Driver,True,False,False,M,AIR BAG NOT DEPLOYED,G,OCCUPANT LAP SHOULDER HARNESS USED,CELL PHONE NOT IN USE,NONE APPARENT,,S,US-101 S/B,65.0,J,CHANGING LANES,A,HAD NOT BEEN DRINKING,,,F,FEMALE,45.0,C,CA,A,ASIAN,7.0,SportUtilityVehicle,2013.0,LEXS,RX350,GLD,False,,,,,,,,5,5.0,5.0,False
8508335,2089331,2,Driver,,False,False,M,AIR BAG NOT DEPLOYED,G,OCCUPANT LAP SHOULDER HARNESS USED,CELL PHONE NOT IN USE,NONE APPARENT,,S,SR-87 S/B TO CAPITOL EXPY,65.0,H,SLOWING/STOPPING,A,HAD NOT BEEN DRINKING,,,F,FEMALE,27.0,C,CA,H,HISPANIC,1.0,PassengerCarStationWagonJeep,2020.0,TOYT,CAMRY,WHI,False,,,,,,,,EXIT-1,0.0,2.0,False
8508334,2089331,1,Driver,True,False,False,P,NOT REQUIRED,W,MOTOR BICYCLE DRIVER WITH HELMET,CELL PHONE NOT IN USE,NONE APPARENT,,S,SR-87 S/B TO CAPITOL EXPY,65.0,B,PROCEEDING STRAIGHT,A,HAD NOT BEEN DRINKING,,,M,MALE,43.0,M1,CA,H,HISPANIC,2.0,Motorcycle,2020.0,HD,STREET GLYDE,WHI,False,,,,,,,,EXIT-1,0.0,2.0,False