PartyId,CollisionId,PartyNumber,PartyType,IsAtFault,IsOnDutyEmergencyVehicle,IsHitAndRun,AirbagCode,AirbagDescription,SafetyEquipmentCode,SafetyEquipmentDescription,Special Information,Other Associate Factor,Inattention,DirectionOfTravel,StreetOrHighwayName,SpeedLimit,MovementPrecCollCode,MovementPrecCollDescription,SobrietyDrugPhysicalCode1,SobrietyDrugPhysicalDescription1,SobrietyDrugPhysicalCode2,SobrietyDrugPhysicalDescription2,GenderCode,GenderDescription,StatedAge,DriverLicenseClass,DriverLicenseStateCode,RaceCode,RaceDesc,Vehicle1TypeId, Vehicle1TypeDesc, Vehicle1Year,Vehicle1Make,Vehicle1Model,Vehicle1Color,V1IsVehicleTowed,Vehicle2TypeId, Vehicle2TypeDesc, Vehicle2Year,Vehicle2Make,Vehicle2Model,Vehicle2Color,V2IsVehicleTowed,Lane,ThruLanes,TotalLanes,IsDREConducted
8519558,2095182,1,Driver,True,False,False,M,AIR BAG NOT DEPLOYED,G,OCCUPANT LAP SHOULDER HARNESS USED,CELL PHONE NOT IN USE,NONE APPARENT,,S,SR-85 S/B,65.0,J,CHANGING LANES,A,HAD NOT BEEN DRINKING,,,M,MALE,59.0,C,CA,W,WHITE,22.0,PickupsAndPanels,2018.0,TOYT,TUNDRA,SIL,False,,,,,,,,HOV,4.0,4.0,False
8519415,2095107,3,Driver,,False,False,M,AIR BAG NOT DEPLOYED,G,OCCUPANT LAP SHOULDER HARNESS USED,CELL PHONE NOT IN USE,NONE APPARENT,,N,US-101 N/B,65.0,B,PROCEEDING STRAIGHT,A,HAD NOT BEEN DRINKING,,,F,FEMALE,33.0,C,CA,A,ASIAN,1.0,PassengerCarStationWagonJeep,2014.0,HOND,ACCORD,WHI,False,,,,,,,,6,5.0,6.0,False
8519414,2095107,2,Driver,,False,False,M,AIR BAG NOT DEPLOYED,G,OCCUPANT LAP SHOULDER HARNESS USED,CELL PHONE NOT IN USE,NONE APPARENT,,N,US-101 N/B,65.0,B,PROCEEDING STRAIGHT,A,HAD NOT BEEN DRINKING,,,M,MALE,34.0,C,CA,H,HISPANIC,8.0,MiniVan,1996.0,FORD,E250,WHI,False,,,,,,,,4,5.0,6.0,False
8519413,2095107,1,Driver,True,False,False,M,AIR BAG NOT DEPLOYED,G,OCCUPANT LAP SHOULDER HARNESS USED,CELL PHONE NOT IN USE,NONE APPARENT,,N,US-101 N/B,65.0,J,CHANGING LANES,A,HAD NOT BEEN DRINKING,,,M,MALE,32.0,C,CA,W,WHITE,7.0,SportUtilityVehicle,1998.0,TOYT,LAND CRUISER,GRN,False,,,,,,,,4,5.0,6.0,False
8519317,2095053,4,Driver,,False,False,M,AIR BAG NOT DEPLOYED,G,OCCUPANT LAP SHOULDER HARNESS USED,CELL PHONE NOT IN USE,NONE APPARENT,,S,US-101 S/B,65.0,A,STOPPED,A,HAD NOT BEEN DRINKING,,,F,FEMALE,48.0,C,CA,A,ASIAN,1.0,PassengerCarStationWagonJeep,2021.0,TOYT,COROLLA,WHI,False,,,,,,,,1,4.0,4.0,False
8519316,2095053,3,Driver,,False,False,M,AIR BAG NOT DEPLOYED,G,OCCUPANT LAP SHOULDER HARNESS USED,CELL PHONE NOT IN USE,NONE APPARENT,,S,US-101 S/B,65.0,H,SLOWING/STOPPING,A,HAD NOT BEEN DRINKING,,,M,MALE,30.0,U,CA,H,HISPANIC,1.0,PassengerCarStationWagonJeep,2009.0,HOND,CIVIC,SIL,False,,,,,,,,1,4.0,4.0,False
8519315,2095053,2,Driver,,False,False,M,AIR BAG NOT DEPLOYED,G,OCCUPANT LAP SHOULDER HARNESS USED,CELL PHONE NOT IN USE,NONE APPARENT,,S,US-101 S/B,65.0,H,SLOWING/STOPPING,A,HAD NOT BEEN DRINKING,,,M,MALE,35.0,C,CA,H,HISPANIC,1.0,PassengerCarStationWagonJeep,2004.0,TOYT,AVALON,RED,True,,,,,,,,1,4.0,4.0,False
8519314,2095053,1,Driver,True,False,False,L,AIR BAG DEPLOYED,G,OCCUPANT LAP SHOULDER HARNESS USED,CELL PHONE NOT IN USE,NONE APPARENT,,S,US-101 S/B,65.0,B,PROCEEDING STRAIGHT,A,HAD NOT BEEN DRINKING,,,F,FEMALE,21.0,C,CA,A,ASIAN,7.0,SportUtilityVehicle,2023.0,GMC,ACADIA,WHI,True,,,,,,,,1,4.0,4.0,False
8519293,2095041,2,Driver,,False,False,M,AIR BAG NOT DEPLOYED,G,OCCUPANT LAP SHOULDER HARNESS USED,CELL PHONE NOT IN USE,NONE APPARENT,,S,I-680 S/B,65.0,B,PROCEEDING STRAIGHT,A,HAD NOT BEEN DRINKING,,,M,MALE,50.0,C,CA,W,WHITE,22.0,PickupsAndPanels,2003.0,DODG,RAM 1500 PU,RED,True,,,,,,,,2,4.0,4.0,False
8519292,2095041,1,Driver,True,False,False,M,AIR BAG NOT DEPLOYED,G,OCCUPANT LAP SHOULDER HARNESS USED,CELL PHONE NOT IN USE,NONE APPARENT,,S,I-680 S/B,65.0,J,CHANGING LANES,A,HAD NOT BEEN DRINKING,,,M,MALE,19.0,C,CA,H,HISPANIC,1.0,PassengerCarStationWagonJeep,2018.0,VOLK,GTI,BLK,False,,,,,,,,2,4.0,4.0,False
8519241,2095015,2,Driver,,False,False,M,AIR BAG NOT DEPLOYED,G,OCCUPANT LAP SHOULDER HARNESS USED,CELL PHONE NOT IN USE,NONE APPARENT,,S,US-101 S/B,65.0,B,PROCEEDING STRAIGHT,A,HAD NOT BEEN DRINKING,,,M,MALE,57.0,F,NV,H,HISPANIC,25.0,TruckTractor,2012.0,PTRB,389,PLE,False,,,,,,,,4,5.0,6.0,False
8519240,2095015,1,Driver,True,False,False,M,AIR BAG NOT DEPLOYED,G,OCCUPANT LAP SHOULDER HARNESS USED,CELL PHONE NOT IN USE,ENTERING OR LEAVING RAMP,,S,US-101 S/B,65.0,J,CHANGING LANES,A,HAD NOT BEEN DRINKING,,,M,MALE,32.0,C,CA,A,ASIAN,1.0,PassengerCarStationWagonJeep,2009.0,TOYT,CAMRY,BGE,False,,,,,,,,4,5.0,6.0,False
8519158,2094974,2,Driver,,False,False,M,AIR BAG NOT DEPLOYED,G,OCCUPANT LAP SHOULDER HARNESS USED,CELL PHONE NOT IN USE,NONE APPARENT,,S,SR-85 S/B,65.0,H,SLOWING/STOPPING,A,HAD NOT BEEN DRINKING,,,F,FEMALE,20.0,C,CA,W,WHITE,1.0,PassengerCarStationWagonJeep,2007.0,HOND,CIVIC,GLD,False,,,,,,,,1,3.0,3.0,False
8519157,2094974,1,Driver,True,False,False,L,AIR BAG DEPLOYED,G,OCCUPANT LAP SHOULDER HARNESS USED,CELL PHONE NOT IN USE,NONE APPARENT,,S,SR-85 S/B,65.0,B,PROCEEDING STRAIGHT,A,HAD NOT BEEN DRINKING,,,F,FEMALE,68.0,C,CA,W,WHITE,1.0,PassengerCarStationWagonJeep,2009.0,MERZ,CLS550,WHI,False,,,,,,,,1,3.0,3.0,False
8518748,2094753,2,Driver,,False,False,M,AIR BAG NOT DEPLOYED,G,OCCUPANT LAP SHOULDER HARNESS USED,CELL PHONE NOT IN USE,NONE APPARENT,,N,US-101 N/B,65.0,A,STOPPED,A,HAD NOT BEEN DRINKING,,,M,MALE,61.0,C,CA,A,ASIAN,1.0,PassengerCarStationWagonJeep,2013.0,TOYT,YARIS,WHI,False,,,,,,,,4,4.0,4.0,False
8518747,2094753,1,Driver,True,False,False,M,AIR BAG NOT DEPLOYED,G,OCCUPANT LAP SHOULDER HARNESS USED,CELL PHONE NOT IN USE,NONE APPARENT,,N,US-101 N/B,65.0,B,PROCEEDING STRAIGHT,A,HAD NOT BEEN DRINKING,,,M,MALE,68.0,C,CA,H,HISPANIC,1.0,PassengerCarStationWagonJeep,2005.0,TOYT,COROLLA,BLU,False,,,,,,,,4,4.0,4.0,False
8518707,2094732,2,Driver,,False,False,M,AIR BAG NOT DEPLOYED,G,OCCUPANT LAP SHOULDER HARNESS USED,CELL PHONE NOT IN USE,NONE APPARENT,,S,I-680 S/B,65.0,B,PROCEEDING STRAIGHT,A,HAD NOT BEEN DRINKING,,,F,FEMALE,42.0,C,CA,H,HISPANIC,7.0,SportUtilityVehicle,2017.0,CHEV,SUBURBAN,WHI,False,,,,,,,,4,4.0,4.0,False
8518706,2094732,1,Driver,True,False,False,M,AIR BAG NOT DEPLOYED,G,OCCUPANT LAP SHOULDER HARNESS USED,CELL PHONE NOT IN USE,NONE APPARENT,,S,I-680 S/B,65.0,R,OTHER,A,HAD NOT BEEN DRINKING,,,M,MALE,23.0,C,CA,H,HISPANIC,7.0,SportUtilityVehicle,2004.0,CHEV,TRAIL BLAZER,BLK,False,,,,,,,,2,4.0,4.0,False
8518701,2094728,2,Driver,,False,False,M,AIR BAG NOT DEPLOYED,G,OCCUPANT LAP SHOULDER HARNESS USED,CELL PHONE NOT IN USE,NONE APPARENT,,S,SR-85 S/B,65.0,A,STOPPED,A,HAD NOT BEEN DRINKING,,,F,FEMALE,56.0,C,CA,W,WHITE,7.0,SportUtilityVehicle,2015.0,LEXS,RX350,WHI,False,,,,,,,,2,3.0,3.0,False
8518700,2094728,1,Driver,True,False,False,M,AIR BAG NOT DEPLOYED,G,OCCUPANT LAP SHOULDER HARNESS USED,CELL PHONE NOT IN USE,NONE APPARENT,,S,SR-85 S/B,65.0,G,BACKING,A,HAD NOT BEEN DRINKING,,,M,MALE,70.0,C,CA,W,WHITE,1.0,PassengerCarStationWagonJeep,2014.0,TOYT,PRIUS C,GRY,False,,,,,,,,2,3.0,3.0,False
8518652,2094700,2,Driver,,False,False,M,AIR BAG NOT DEPLOYED,G,OCCUPANT LAP SHOULDER HARNESS USED,CELL PHONE NOT IN USE,NONE APPARENT,,S,I-880 S/B,65.0,B,PROCEEDING STRAIGHT,A,HAD NOT BEEN DRINKING,,,F,FEMALE,19.0,C,CA,O,OTHER,1.0,PassengerCarStationWagonJeep,2010.0,MAZD,3,BLK,False,,,,,,,,1,5.0,5.0,False
8518651,2094700,1,Driver,True,False,False,M,AIR BAG NOT DEPLOYED,G,OCCUPANT LAP SHOULDER HARNESS USED,CELL PHONE NOT IN USE,NONE APPARENT,,S,I-880 S/B,65.0,B,PROCEEDING STRAIGHT,A,HAD NOT BEEN DRINKING,,,M,MALE,41.0,U,CA,H,HISPANIC,2.0,Motorcycle,2001.0,HOND,CBR,RED,False,,,,,,,,1,5.0,5.0,False
8518570,2094656,2,Driver,,False,False,M,AIR BAG NOT DEPLOYED,G,OCCUPANT LAP SHOULDER HARNESS USED,CELL PHONE NOT IN USE,NONE APPARENT,,N,SR-87 N/B,65.0,H,SLOWING/STOPPING,A,HAD NOT BEEN DRINKING,,,F,FEMALE,61.0,C,CA,B,BLACK,7.0,SportUtilityVehicle,2017.0,BUIC,ENVISION,MAR,False,,,,,,,,3,3.0,3.0,False
8518569,2094656,1,Driver,True,False,False,M,AIR BAG NOT DEPLOYED,G,OCCUPANT LAP SHOULDER HARNESS USED,CELL PHONE NOT IN USE,NONE APPARENT,,N,SR-87 N/B,65.0,B,PROCEEDING STRAIGHT,A,HAD NOT BEEN DRINKING,,,F,FEMALE,20.0,C,CA,W,WHITE,1.0,PassengerCarStationWagonJeep,2020.0,HYUN,ACCENT,BLK,False,,,,,,,,3,3.0,3.0,False
8518564,2094653,2,Driver,,False,False,M,AIR BAG NOT DEPLOYED,G,OCCUPANT LAP SHOULDER HARNESS USED,CELL PHONE NOT IN USE,NONE APPARENT,,N,I-880 N/B,65.0,B,PROCEEDING STRAIGHT,H,NOT APPLICABLE,,,M,MALE,35.0,U,CA,H,HISPANIC,1.0,PassengerCarStationWagonJeep,2005.0,NISS,ALTIMA,SIL,False,,,,,,,,3,3.0,4.0,False
8518563,2094653,1,Driver,,False,False,M,AIR BAG NOT DEPLOYED,G,OCCUPANT LAP SHOULDER HARNESS USED,CELL PHONE NOT IN USE,NONE APPARENT,,N,I-880 N/B,65.0,B,PROCEEDING STRAIGHT,A,HAD NOT BEEN DRINKING,,,M,MALE,23.0,A,CA,H,HISPANIC,25.0,TruckTractor,2022.0,KW,T370,WHI,False,32.0,PullTrailer,2021.0,DTCH,WITCH,ONG,,EXIT,3.0,4.0,False
8518557,2094651,4,Driver,,False,False,M,AIR BAG NOT DEPLOYED,G,OCCUPANT LAP SHOULDER HARNESS USED,CELL PHONE NOT IN USE,NONE APPARENT,,N,SR-85 N/B,65.0,A,STOPPED,A,HAD NOT BEEN DRINKING,,,F,FEMALE,32.0,C,CA,W,WHITE,1.0,PassengerCarStationWagonJeep,2017.0,MAZD, 3,BLU,False,,,,,,,,1,3.0,3.0,False
8518556,2094651,3,Driver,,False,False,M,AIR BAG NOT DEPLOYED,G,OCCUPANT LAP SHOULDER HARNESS USED,CELL PHONE NOT IN USE,NONE APPARENT,,N,SR-85 N/B,65.0,A,STOPPED,A,HAD NOT BEEN DRINKING,,,F,FEMALE,55.0,C,CA,H,HISPANIC,7.0,SportUtilityVehicle,2022.0,CHEV,EQUINOX,WHI,False,,,,,,,,1,3.0,3.0,False
8518555,2094651,2,Driver,True,False,False,M,AIR BAG NOT DEPLOYED,G,OCCUPANT LAP SHOULDER HARNESS USED,CELL PHONE NOT IN USE,NONE APPARENT,,N,SR-85 N/B,65.0,B,PROCEEDING STRAIGHT,A,HAD NOT BEEN DRINKING,,,F,FEMALE,50.0,C,CA,W,WHITE,7.0,SportUtilityVehicle,2018.0,MAZD,CX5,GRY,False,,,,,,,,1,3.0,3.0,False
8518554,2094651,1,Driver,,False,False,L,AIR BAG DEPLOYED,G,OCCUPANT LAP SHOULDER HARNESS USED,CELL PHONE NOT IN USE,VC SECTION VIOLATED - VC 22350,,N,SR-85 N/B,65.0,B,PROCEEDING STRAIGHT,A,HAD NOT BEEN DRINKING,,,M,MALE,32.0,C,CA,O,OTHER,7.0,SportUtilityVehicle,2021.0,TESL,X,WHI,False,,,,,,,,1,3.0,3.0,False
8518432,2094580,4,Driver,,False,False,L,AIR BAG DEPLOYED,G,OCCUPANT LAP SHOULDER HARNESS USED,CELL PHONE NOT IN USE,VC SECTION VIOLATED - VC 22350,,S,I-880 S/B,65.0,B,PROCEEDING STRAIGHT,A,HAD NOT BEEN DRINKING,,,F,FEMALE,63.0,C,CA,A,ASIAN,1.0,PassengerCarStationWagonJeep,2016.0,TOYT,COROLLA,RED,True,,,,,,,,3,3.0,65.0,False
8518431,2094580,3,Driver,,False,False,L,AIR BAG DEPLOYED,G,OCCUPANT LAP SHOULDER HARNESS USED,CELL PHONE NOT IN USE,VC SECTION VIOLATED - VC 22350,,S,I-880 S/B,65.0,B,PROCEEDING STRAIGHT,A,HAD NOT BEEN DRINKING,,,M,MALE,36.0,C,CA,O,OTHER,7.0,SportUtilityVehicle,2023.0,TESL,Y,WHI,True,,,,,,,,3,3.0,3.0,False
8518430,2094580,2,Driver,,False,False,M,AIR BAG NOT DEPLOYED,G,OCCUPANT LAP SHOULDER HARNESS USED,CELL PHONE NOT IN USE,NONE APPARENT,,S,I-880 S/B,65.0,A,STOPPED,A,HAD NOT BEEN DRINKING,,,M,MALE,31.0,C,CA,O,OTHER,1.0,PassengerCarStationWagonJeep,2022.0,BMW,330I,BLK/,False,,,,,,,,3,3.0,3.0,False
8518429,2094580,1,Driver,True,False,False,L,AIR BAG DEPLOYED,G,OCCUPANT LAP SHOULDER HARNESS USED,CELL PHONE NOT IN USE,NONE APPARENT,,S,I-880 S/B,65.0,B,PROCEEDING STRAIGHT,A,HAD NOT BEEN DRINKING,,,F,FEMALE,22.0,C,CA,W,WHITE,1.0,PassengerCarStationWagonJeep,2022.0,HYUN,SONATA,BLK,True,,,,,,,,3,3.0,3.0,False
8518422,2094576,2,Driver,,False,False,M,AIR BAG NOT DEPLOYED,A,OCCUPANT NONE IN VEHICLE,CELL PHONE NOT IN USE,NONE APPARENT,,S,LEIGH AVE,25.0,O,PARKED,H,NOT APPLICABLE,,,F,FEMALE,30.0,C,CA,W,WHITE,7.0,SportUtilityVehicle,2005.0,NISS,MURANO,SIL,False,,,,,,,,S/B,1.0,2.0,False
8518421,2094576,1,Driver,True,False,True,B,UNKNOWN,B,OCCUPANT UNKNOWN,CELL PHONE USE UNKNOWN,NONE APPARENT,,N,LEIGH AVE ,25.0,M,OTHER UNSAFE TURNING,G,IMPAIRMENT_NOT_KNOWN,,,,,,,,,,99.0,OtherUnknownHitAndRunDriver,,,,,False,,,,,,,,S/B,1.0,2.0,False
8518415,2094572,2,Driver,,False,False,M,AIR BAG NOT DEPLOYED,G,OCCUPANT LAP SHOULDER HARNESS USED,CELL PHONE NOT IN USE,NONE APPARENT,,N,I-680 N/B,65.0,B,PROCEEDING STRAIGHT,A,HAD NOT BEEN DRINKING,,,M,MALE,22.0,U,CA,A,ASIAN,7.0,SportUtilityVehicle,2019.0,TOYT,RAV4,WHI,False,,,,,,,,3,4.0,4.0,False
8518414,2094572,1,Driver,True,False,True,B,UNKNOWN,B,OCCUPANT UNKNOWN,CELL PHONE USE UNKNOWN,NONE APPARENT,,N,I-680 N/B,65.0,B,PROCEEDING STRAIGHT,G,IMPAIRMENT_NOT_KNOWN,,,,,,,,,,99.0,OtherUnknownHitAndRunDriver,,,,,False,,,,,,,,3,4.0,4.0,False
8518404,2094566,2,Driver,,False,False,M,AIR BAG NOT DEPLOYED,G,OCCUPANT LAP SHOULDER HARNESS USED,CELL PHONE NOT IN USE,NONE APPARENT,,N,US-101 N/B,65.0,B,PROCEEDING STRAIGHT,A,HAD NOT BEEN DRINKING,,,M,MALE,58.0,C,CA,O,OTHER,7.0,SportUtilityVehicle,2022.0,TESL,MODEL X,BLK,False,,,,,,,,2,4.0,4.0,False
8518403,2094566,1,Driver,True,False,False,M,AIR BAG NOT DEPLOYED,G,OCCUPANT LAP SHOULDER HARNESS USED,CELL PHONE NOT IN USE,NONE APPARENT,,N,US-101 N/B,65.0,J,CHANGING LANES,A,HAD NOT BEEN DRINKING,,,M,MALE,36.0,C,CA,H,HISPANIC,7.0,SportUtilityVehicle,2011.0,FORD,ESCAPE,SIL,False,,,,,,,,2,4.0,4.0,False
8518395,2094561,2,Driver,,False,False,M,AIR BAG NOT DEPLOYED,G,OCCUPANT LAP SHOULDER HARNESS USED,CELL PHONE NOT IN USE,NONE APPARENT,,S,SR-87 S/B,65.0,H,SLOWING/STOPPING,A,HAD NOT BEEN DRINKING,,,M,MALE,27.0,C,CA,A,ASIAN,1.0,PassengerCarStationWagonJeep,2023.0,TESL,3,WHI,False,,,,,,,,3,3.0,3.0,False
8518394,2094561,1,Driver,True,False,True,B,UNKNOWN,B,OCCUPANT UNKNOWN,CELL PHONE USE UNKNOWN,NONE APPARENT,,S,SR-87 S/B,65.0,B,PROCEEDING STRAIGHT,G,IMPAIRMENT_NOT_KNOWN,,,,,,,,,,99.0,OtherUnknownHitAndRunDriver,,,,,False,,,,,,,,3,3.0,3.0,False
8516819,2093744,2,Driver,,False,False,M,AIR BAG NOT DEPLOYED,G,OCCUPANT LAP SHOULDER HARNESS USED,CELL PHONE NOT IN USE,NONE APPARENT,,S,I-680 S/B,65.0,H,SLOWING/STOPPING,A,HAD NOT BEEN DRINKING,,,M,MALE,62.0,C,CA,H,HISPANIC,1.0,PassengerCarStationWagonJeep,2018.0,HOND,ACCORD,GRY,False,,,,,,,,1,4.0,4.0,False
8516818,2093744,1,Driver,True,False,False,M,AIR BAG NOT DEPLOYED,G,OCCUPANT LAP SHOULDER HARNESS USED,CELL PHONE NOT IN USE,NONE APPARENT,,S,I-680 S/B,65.0,B,PROCEEDING STRAIGHT,A,HAD NOT BEEN DRINKING,,,M,MALE,20.0,C,CA,W,WHITE,1.0,PassengerCarStationWagonJeep,1997.0,TOYT,CAMRY,BLU,True,,,,,,,,1,4.0,4.0,False
8516811,2093739,2,Driver,,False,False,M,AIR BAG NOT DEPLOYED,G,OCCUPANT LAP SHOULDER HARNESS USED,CELL PHONE NOT IN USE,NONE APPARENT,,S,I-280 S/B,65.0,A,STOPPED,A,HAD NOT BEEN DRINKING,,,M,MALE,67.0,C,CA,H,HISPANIC,1.0,PassengerCarStationWagonJeep,2006.0,HOND,CIVIC,WHI,False,,,,,,,,3,4.0,5.0,False
8516810,2093739,1,Driver,True,False,False,M,AIR BAG NOT DEPLOYED,G,OCCUPANT LAP SHOULDER HARNESS USED,CELL PHONE NOT IN USE,NONE APPARENT,,S,I-280 S/B,65.0,B,PROCEEDING STRAIGHT,A,HAD NOT BEEN DRINKING,,,F,FEMALE,21.0,C,CA,A,ASIAN,1.0,PassengerCarStationWagonJeep,2009.0,HOND,CIVIC,BLU,False,,,,,,,,3,4.0,5.0,False
8516761,2093713,2,Driver,,False,False,M,AIR BAG NOT DEPLOYED,G,OCCUPANT LAP SHOULDER HARNESS USED,CELL PHONE NOT IN USE,NONE APPARENT,,S,SR-85 S/B,65.0,A,STOPPED,A,HAD NOT BEEN DRINKING,,,F,FEMALE,14.0,C,CA,H,HISPANIC,7.0,SportUtilityVehicle,2021.0,TOYT,HIGHLANDER,WHI,False,,,,,,,,4,4.0,4.0,False
8516760,2093713,1,Driver,True,False,False,M,AIR BAG NOT DEPLOYED,G,OCCUPANT LAP SHOULDER HARNESS USED,CELL PHONE NOT IN USE,NONE APPARENT,,S,SR-85 S/B,65.0,B,PROCEEDING STRAIGHT,A,HAD NOT BEEN DRINKING,,,M,MALE,35.0,C,CA,H,HISPANIC,1.0,PassengerCarStationWagonJeep,2008.0,TOYT,PRIUS,GRY,False,,,,,,,,4,4.0,4.0,False
8516622,2093641,1,Driver,True,False,False,L,AIR BAG DEPLOYED,G,OCCUPANT LAP SHOULDER HARNESS USED,CELL PHONE NOT IN USE,NONE APPARENT,,N,US-101 N/B,65.0,R,OTHER,A,HAD NOT BEEN DRINKING,,,M,MALE,41.0,F,WA,O,OTHER,7.0,SportUtilityVehicle,2019.0,GMC,TERRAIN,RED,False,,,,,,,,2,4.0,4.0,False
8516617,2093638,2,Driver,,False,False,M,AIR BAG NOT DEPLOYED,G,OCCUPANT LAP SHOULDER HARNESS USED,CELL PHONE NOT IN USE,NONE APPARENT,,S,US101 S/B TO FAIR OAKS S/B,65.0,B,PROCEEDING STRAIGHT,A,HAD NOT BEEN DRINKING,,,M,MALE,23.0,C,CA,H,HISPANIC,1.0,PassengerCarStationWagonJeep,2012.0,HYUN,ELANTRA,BLK,False,,,,,,,,EXIT,0.0,1.0,False
8516616,2093638,1,Driver,True,False,True,B,UNKNOWN,B,OCCUPANT UNKNOWN,CELL PHONE USE UNKNOWN,NONE APPARENT,,S,US101 S/B TO FAIR OAKS S/B    ,65.0,R,OTHER,G,IMPAIRMENT_NOT_KNOWN,,,,,,,,,,99.0,OtherUnknownHitAndRunDriver,,,,,False,,,,,,,,EXIT,0.0,1.0,False
8516581,2093620,1,Driver,True,False,False,M,AIR BAG NOT DEPLOYED,G,OCCUPANT LAP SHOULDER HARNESS USED,CELL PHONE NOT IN USE,NONE APPARENT,,N,SR-87 N/B,65.0,R,OTHER,A,HAD NOT BEEN DRINKING,,,M,MALE,20.0,U,CA,H,HISPANIC,1.0,PassengerCarStationWagonJeep,2004.0,INFI,G35,WHI,True,,,,,,,,4,4.0,4.0,False
8516501,2093575,1,Driver,True,False,False,L,AIR BAG DEPLOYED,H,OCCUPANT LAP SHOULDER HARNESS NOT USED,CELL PHONE NOT IN USE,VC SECTION VIOLATED - VC 22107,,N,US-101 N/B,65.0,R,OTHER,B,HBD-UNDER INFLUENCE,,,M,MALE,23.0,C,CA,H,HISPANIC,1.0,PassengerCarStationWagonJeep,2006.0,LXS,G43,BLK,True,,,,,,,,2,5.0,5.0,False
8536648,2104048,2,Other,,False,False,L,AIR BAG DEPLOYED,P,NOT REQUIRED,CELL PHONE NOT IN USE,PREVIOUS COLLISION,,S,SR-85 S/B,65.0,A,STOPPED,A,HAD NOT BEEN DRINKING,,,,,,,,,,1.0,PassengerCarStationWagonJeep,2005.0,FORD,MUSTANG,RED,True,,,,,,,,1,4.0,4.0,False
8536647,2104048,1,Driver,True,False,False,M,AIR BAG NOT DEPLOYED,G,OCCUPANT LAP SHOULDER HARNESS USED,CELL PHONE NOT IN USE,NONE APPARENT,,S,SR-85 S/B,65.0,B,PROCEEDING STRAIGHT,A,HAD NOT BEEN DRINKING,,,F,FEMALE,19.0,C,CA,W,WHITE,1.0,PassengerCarStationWagonJeep,2017.0,TOYT,COROLLA,SIL,False,,,,,,,,1,4.0,4.0,False
8536628,2104037,2,Driver,,False,False,M,AIR BAG NOT DEPLOYED,G,OCCUPANT LAP SHOULDER HARNESS USED,CELL PHONE NOT IN USE,NONE APPARENT,,S,I-880 S/B,65.0,B,PROCEEDING STRAIGHT,A,HAD NOT BEEN DRINKING,,,F,FEMALE,31.0,C,CA,A,ASIAN,7.0,SportUtilityVehicle,2023.0,KIA,SPORTAGE,BLK,False,,,,,,,,4,4.0,4.0,False
8536627,2104037,1,Driver,True,False,False,L,AIR BAG DEPLOYED,H,OCCUPANT LAP SHOULDER HARNESS NOT USED,CELL PHONE NOT IN USE,NONE APPARENT,,S,I-880 S/B,65.0,R,OTHER,A,HAD NOT BEEN DRINKING,,,M,MALE,24.0,C,CA,H,HISPANIC,1.0,PassengerCarStationWagonJeep,1994.0,HOND,CIVIC,RED,False,,,,,,,,3,4.0,4.0,False
8536626,2104036,4,Pedestrian,,False,False,P,NOT REQUIRED,P,NOT REQUIRED,CELL PHONE NOT IN USE,NONE APPARENT,,W,I-680 S/B FROM CAPITOL EXPY,65.0,,,A,HAD NOT BEEN DRINKING,,,F,FEMALE,52.0,,,W,WHITE,60.0,Pedestrian,,,,,False,,,,,,,,OTHER,1.0,1.0,False
8536625,2104036,3,Pedestrian,,False,False,P,NOT REQUIRED,P,NOT REQUIRED,CELL PHONE NOT IN USE,NONE APPARENT,,W,I-680 S/B FROM CAPITOL EXPY,65.0,,,A,HAD NOT BEEN DRINKING,,,M,MALE,39.0,,,H,HISPANIC,60.0,Pedestrian,,,,,False,,,,,,,,OTHER,1.0,1.0,False
8536624,2104036,2,Pedestrian,,False,False,P,NOT REQUIRED,P,NOT REQUIRED,CELL PHONE NOT IN USE,NONE APPARENT,,E,I-680 S/B FROM CAPITOL EXPY,65.0,,,A,HAD NOT BEEN DRINKING,,,M,MALE,58.0,,,H,HISPANIC,60.0,Pedestrian,,,,,False,,,,,,,,OTHER,1.0,1.0,False
8536623,2104036,1,Driver,True,False,False,M,AIR BAG NOT DEPLOYED,G,OCCUPANT LAP SHOULDER HARNESS USED,CELL PHONE NOT IN USE,VC SECTION VIOLATED - VC 22350,,S,I-680 S/B FROM CAPITOL EXPY,65.0,C,RAN OFF ROAD,B,HBD-UNDER INFLUENCE,,,M,MALE,25.0,U,CA,H,HISPANIC,1.0,PassengerCarStationWagonJeep,2007.0,MAZD,MAZDA3,BLU,True,,,,,,,,S/B,1.0,1.0,False
8536617,2104032,3,Driver,,False,False,M,AIR BAG NOT DEPLOYED,G,OCCUPANT LAP SHOULDER HARNESS USED,CELL PHONE NOT IN USE,NONE APPARENT,,N,SR-87 N/B,65.0,H,SLOWING/STOPPING,A,HAD NOT BEEN DRINKING,,,M,MALE,57.0,C,CA,H,HISPANIC,1.0,PassengerCarStationWagonJeep,2000.0,DODG,NEON,WHI,False,,,,,,,,3,3.0,3.0,False