PartyId,CollisionId,PartyNumber,PartyType,IsAtFault,IsOnDutyEmergencyVehicle,IsHitAndRun,AirbagCode,AirbagDescription,SafetyEquipmentCode,SafetyEquipmentDescription,Special Information,Other Associate Factor,Inattention,DirectionOfTravel,StreetOrHighwayName,SpeedLimit,MovementPrecCollCode,MovementPrecCollDescription,SobrietyDrugPhysicalCode1,SobrietyDrugPhysicalDescription1,SobrietyDrugPhysicalCode2,SobrietyDrugPhysicalDescription2,GenderCode,GenderDescription,StatedAge,DriverLicenseClass,DriverLicenseStateCode,RaceCode,RaceDesc,Vehicle1TypeId, Vehicle1TypeDesc, Vehicle1Year,Vehicle1Make,Vehicle1Model,Vehicle1Color,V1IsVehicleTowed,Vehicle2TypeId, Vehicle2TypeDesc, Vehicle2Year,Vehicle2Make,Vehicle2Model,Vehicle2Color,V2IsVehicleTowed,Lane,ThruLanes,TotalLanes,IsDREConducted
9070700,2133451,2,Driver,,False,False,L,AIR BAG DEPLOYED,G,OCCUPANT LAP SHOULDER HARNESS USED,CELL PHONE NOT IN USE,NONE APPARENT,,N,I-880 N/B,65.0,B,PROCEEDING STRAIGHT,A,HAD NOT BEEN DRINKING,,,M,MALE,23.0,C,CA,H,HISPANIC,1.0,PassengerCarStationWagonJeep,2004.0,SUBA,LEGACY,GRY,False,,,,,,,,3,4.0,4.0,False
9070699,2133451,1,Driver,True,False,False,L,AIR BAG DEPLOYED,G,OCCUPANT LAP SHOULDER HARNESS USED,CELL PHONE NOT IN USE,NONE APPARENT,,N,US-101 S/B TO I-880 N/B,65.0,R,OTHER,A,HAD NOT BEEN DRINKING,,,M,MALE,21.0,U,CA,H,HISPANIC,7.0,SportUtilityVehicle,2004.0,LINC,NAVIGATOR,RED,False,,,,,,,,N/B,0.0,1.0,False
9070659,2133430,2,Driver,,False,False,M,AIR BAG NOT DEPLOYED,G,OCCUPANT LAP SHOULDER HARNESS USED,CELL PHONE NOT IN USE,NONE APPARENT,,W,SR-237 W/B,65.0,A,STOPPED,A,HAD NOT BEEN DRINKING,,,M,MALE,24.0,C,CA,O,OTHER,1.0,PassengerCarStationWagonJeep,2005.0,HOND,ACCORD,WHI,False,,,,,,,,XPRS,2.0,3.0,False
9070658,2133430,1,Driver,True,False,True,B,UNKNOWN,B,OCCUPANT UNKNOWN,CELL PHONE USE UNKNOWN,NONE APPARENT,,W,SR-237 W/B,65.0,B,PROCEEDING STRAIGHT,G,IMPAIRMENT_NOT_KNOWN,,,,,,,,,,99.0,OtherUnknownHitAndRunDriver,,,,,False,,,,,,,,XPRS,2.0,3.0,False
9070516,2133355,2,Driver,,False,False,M,AIR BAG NOT DEPLOYED,G,OCCUPANT LAP SHOULDER HARNESS USED,CELL PHONE NOT IN USE,NONE APPARENT,,S,I-680 S/B,65.0,B,PROCEEDING STRAIGHT,A,HAD NOT BEEN DRINKING,,,F,FEMALE,41.0,C,CA,A,ASIAN,7.0,SportUtilityVehicle,2007.0,LEXS,RX300,GLD,False,,,,,,,,4,4.0,4.0,False
9070515,2133355,1,Driver,,False,True,B,UNKNOWN,B,OCCUPANT UNKNOWN,CELL PHONE USE UNKNOWN,NONE APPARENT,,S,I-680 S/B,65.0,B,PROCEEDING STRAIGHT,G,IMPAIRMENT_NOT_KNOWN,,,,,,,,,,99.0,OtherUnknownHitAndRunDriver,,,,,False,,,,,,,,4,4.0,4.0,False
9070434,2133311,2,Driver,,False,False,M,AIR BAG NOT DEPLOYED,G,OCCUPANT LAP SHOULDER HARNESS USED,CELL PHONE NOT IN USE,NONE APPARENT,,S,US-101 S/B,65.0,A,STOPPED,A,HAD NOT BEEN DRINKING,,,F,FEMALE,53.0,C,CA,W,WHITE,1.0,PassengerCarStationWagonJeep,2021.0,HYUN,SONATA,RED,False,,,,,,,,3,4.0,4.0,False
9070433,2133311,1,Driver,True,False,False,B,UNKNOWN,B,OCCUPANT UNKNOWN,CELL PHONE USE UNKNOWN,NONE APPARENT,,S,US-101 S/B,65.0,B,PROCEEDING STRAIGHT,G,IMPAIRMENT_NOT_KNOWN,,,M,MALE,38.0,C,CA,H,HISPANIC,22.0,PickupsAndPanels,2017.0,TOYT,TACOMA,BLK,False,,,,,,,,3,4.0,4.0,False
9070316,2133250,4,Driver,,False,False,M,AIR BAG NOT DEPLOYED,G,OCCUPANT LAP SHOULDER HARNESS USED,CELL PHONE NOT IN USE,NONE APPARENT,,N,US-101 N/B,65.0,B,PROCEEDING STRAIGHT,A,HAD NOT BEEN DRINKING,,,F,FEMALE,28.0,C,CA,W,WHITE,1.0,PassengerCarStationWagonJeep,2023.0,TOYT,COROLLA,SIL,False,,,,,,,,3,4.0,4.0,False
9070315,2133250,3,Driver,,False,False,M,AIR BAG NOT DEPLOYED,G,OCCUPANT LAP SHOULDER HARNESS USED,CELL PHONE NOT IN USE,NONE APPARENT,,N,US-101 N/B,65.0,B,PROCEEDING STRAIGHT,A,HAD NOT BEEN DRINKING,,,M,MALE,67.0,C,CA,W,WHITE,1.0,PassengerCarStationWagonJeep,2003.0,HOND,ACCORD,RED,False,,,,,,,,2,4.0,4.0,False
9070314,2133250,2,Driver,,False,False,M,AIR BAG NOT DEPLOYED,G,OCCUPANT LAP SHOULDER HARNESS USED,CELL PHONE NOT IN USE,NONE APPARENT,,N,US-101 N/B,65.0,B,PROCEEDING STRAIGHT,A,HAD NOT BEEN DRINKING,,,M,MALE,33.0,C,CA,H,HISPANIC,22.0,PickupsAndPanels,2020.0,FORD,F-250,WHI,False,35.0,UtilityTrailer,2017.0,PJ,TRAILER,BLK,,3,4.0,4.0,False
9070313,2133250,1,Driver,True,False,False,M,AIR BAG NOT DEPLOYED,G,OCCUPANT LAP SHOULDER HARNESS USED,CELL PHONE NOT IN USE,NONE APPARENT,,N,US-101 N/B,65.0,J,CHANGING LANES,A,HAD NOT BEEN DRINKING,,,M,MALE,51.0,C,CA,H,HISPANIC,22.0,PickupsAndPanels,2023.0,TOYT,TUNDRA,WHI,False,35.0,UtilityTrailer,2022.0,MGAT,TRAILER,BLK,,3,4.0,4.0,False
9070307,2133246,3,Driver,,False,False,L,AIR BAG DEPLOYED,G,OCCUPANT LAP SHOULDER HARNESS USED,CELL PHONE NOT IN USE,PREVIOUS COLLISION,,N,SR-87 N/B ,65.0,A,STOPPED,A,HAD NOT BEEN DRINKING,,,M,MALE,24.0,F,IL,H,HISPANIC,1.0,PassengerCarStationWagonJeep,2011.0,FORD ,FOCUS,WHI,False,,,,,,,,2,4.0,4.0,False
9070306,2133246,2,Driver,,False,False,M,AIR BAG NOT DEPLOYED,G,OCCUPANT LAP SHOULDER HARNESS USED,CELL PHONE NOT IN USE,PREVIOUS COLLISION,,N,SR-87 N/BV ,65.0,A,STOPPED,A,HAD NOT BEEN DRINKING,,,F,FEMALE,26.0,C,CA,O,OTHER,1.0,PassengerCarStationWagonJeep,2001.0,MERZ,S350,BLU,False,,,,,,,,2,4.0,4.0,False
9070305,2133246,1,Driver,True,False,False,L,AIR BAG DEPLOYED,G,OCCUPANT LAP SHOULDER HARNESS USED,CELL PHONE NOT IN USE,NONE APPARENT,,N,SR-87 N/B,65.0,B,PROCEEDING STRAIGHT,A,HAD NOT BEEN DRINKING,,,F,FEMALE,33.0,C,CA,W,WHITE,7.0,SportUtilityVehicle,2011.0,KIA,SORENTO,BLU,False,,,,,,,,2,4.0,4.0,False
9070301,2133243,1,Driver,,False,False,M,AIR BAG NOT DEPLOYED,G,OCCUPANT LAP SHOULDER HARNESS USED,CELL PHONE NOT IN USE,NONE APPARENT,,N,I-680 N/B,65.0,B,PROCEEDING STRAIGHT,A,HAD NOT BEEN DRINKING,,,F,FEMALE,53.0,C,CA,H,HISPANIC,1.0,PassengerCarStationWagonJeep,2014.0,FIAT,500L,RED,False,,,,,,,,1,4.0,4.0,False
9090063,2143366,2,Driver,,False,False,P,NOT REQUIRED,G,OCCUPANT LAP SHOULDER HARNESS USED,CELL PHONE NOT IN USE,NONE APPARENT,,N,US-101 N/B,65.0,B,PROCEEDING STRAIGHT,A,HAD NOT BEEN DRINKING,,,M,MALE,60.0,A,CA,H,HISPANIC,25.0,TruckTractor,2012.0,PTRB,388,ONG,False,31.0,SemiTrailer,2006.0,ROUGE,DUMP TRAILER,SIL,,2,4.0,4.0,False
9090062,2143366,1,Driver,True,False,False,M,AIR BAG NOT DEPLOYED,G,OCCUPANT LAP SHOULDER HARNESS USED,CELL PHONE NOT IN USE,NONE APPARENT,,N,US-101 N/B,65.0,J,CHANGING LANES,A,HAD NOT BEEN DRINKING,,,F,FEMALE,53.0,C,CA,A,ASIAN,1.0,PassengerCarStationWagonJeep,2021.0,TESL,3,WHI,False,,,,,,,,3,4.0,4.0,False
9090038,2143354,2,Driver,,False,False,M,AIR BAG NOT DEPLOYED,G,OCCUPANT LAP SHOULDER HARNESS USED,CELL PHONE NOT IN USE,NONE APPARENT,,E,SR-237 E/B,65.0,A,STOPPED,A,HAD NOT BEEN DRINKING,,,M,MALE,26.0,C,CA,A,ASIAN,1.0,PassengerCarStationWagonJeep,2022.0,TOYT,SUPRA,SIL,True,,,,,,,,2,3.0,4.0,False
9090037,2143354,1,Driver,True,False,False,M,AIR BAG NOT DEPLOYED,G,OCCUPANT LAP SHOULDER HARNESS USED,CELL PHONE NOT IN USE,NONE APPARENT,,E,SR-237 E/B,65.0,B,PROCEEDING STRAIGHT,A,HAD NOT BEEN DRINKING,,,M,MALE,27.0,C,CA,H,HISPANIC,1.0,PassengerCarStationWagonJeep,2019.0,FORD,FIESTA,WHI,False,,,,,,,,2,3.0,4.0,False
9089972,2143316,2,Driver,,False,False,M,AIR BAG NOT DEPLOYED,G,OCCUPANT LAP SHOULDER HARNESS USED,CELL PHONE NOT IN USE,NONE APPARENT,,N,I-680 N/B,65.0,B,PROCEEDING STRAIGHT,A,HAD NOT BEEN DRINKING,,,M,MALE,23.0,C,CA,H,HISPANIC,1.0,PassengerCarStationWagonJeep,2023.0,TESL,3,WHI,False,,,,,,,,3,4.0,4.0,False
9089971,2143316,1,Driver,True,False,True,P,NOT REQUIRED,B,OCCUPANT UNKNOWN,CELL PHONE USE UNKNOWN,NONE APPARENT,,N,I-680 N/B,65.0,R,OTHER,G,IMPAIRMENT_NOT_KNOWN,,,,,,,,,,2.0,Motorcycle,,,,,False,,,,,,,,2,4.0,4.0,False
9089693,2143179,3,Driver,,False,False,M,AIR BAG NOT DEPLOYED,G,OCCUPANT LAP SHOULDER HARNESS USED,CELL PHONE NOT IN USE,NONE APPARENT,,N,US-101 N/B,65.0,B,PROCEEDING STRAIGHT,A,HAD NOT BEEN DRINKING,,,F,FEMALE,20.0,F,JA,H,HISPANIC,1.0,PassengerCarStationWagonJeep,2021.0,KIA,FORTE,WHI,True,,,,,,,,2,4.0,4.0,False
9089692,2143179,2,Driver,,False,False,L,AIR BAG DEPLOYED,G,OCCUPANT LAP SHOULDER HARNESS USED,CELL PHONE NOT IN USE,NONE APPARENT,,N,US-101 N/B,65.0,B,PROCEEDING STRAIGHT,A,HAD NOT BEEN DRINKING,,,M,MALE,27.0,C,CA,H,HISPANIC,7.0,SportUtilityVehicle,2021.0,INFI,QX50,WHI,True,,,,,,,,4,4.0,4.0,False
9089691,2143179,1,Driver,True,False,False,L,AIR BAG DEPLOYED,G,OCCUPANT LAP SHOULDER HARNESS USED,CELL PHONE NOT IN USE,NONE APPARENT,,N,US-101 N/B,65.0,R,OTHER,A,HAD NOT BEEN DRINKING,,,F,FEMALE,69.0,C,CA,A,ASIAN,7.0,SportUtilityVehicle,2020.0,HYUN,SANTA FE,WHI,True,,,,,,,,2,4.0,4.0,False
9089594,2143128,2,Driver,,False,False,M,AIR BAG NOT DEPLOYED,G,OCCUPANT LAP SHOULDER HARNESS USED,CELL PHONE NOT IN USE,NONE APPARENT,,S,I-880 S/B,65.0,B,PROCEEDING STRAIGHT,A,HAD NOT BEEN DRINKING,,,F,FEMALE,24.0,U,CA,O,OTHER,1.0,PassengerCarStationWagonJeep,2019.0,TOYT,COROLLA,SIL,False,,,,,,,,4,5.0,5.0,False
9089593,2143128,1,Driver,True,False,True,B,UNKNOWN,B,OCCUPANT UNKNOWN,CELL PHONE USE UNKNOWN,NONE APPARENT,,S,I-880 S/B,65.0,B,PROCEEDING STRAIGHT,G,IMPAIRMENT_NOT_KNOWN,,,,,,,,,,99.0,OtherUnknownHitAndRunDriver,,,,,False,,,,,,,,4,5.0,5.0,False
9089279,2142953,1,Driver,True,False,False,M,AIR BAG NOT DEPLOYED,G,OCCUPANT LAP SHOULDER HARNESS USED,CELL PHONE NOT IN USE,VC SECTION VIOLATED - VC 22107,,N,I-280 N/B ,65.0,R,OTHER,B,HBD-UNDER INFLUENCE,,,F,FEMALE,31.0,C,CA,H,HISPANIC,1.0,PassengerCarStationWagonJeep,2013.0,CHEV,IMPALA,BLK,False,,,,,,,,4,4.0,4.0,False
9089249,2142938,2,Driver,,False,False,M,AIR BAG NOT DEPLOYED,G,OCCUPANT LAP SHOULDER HARNESS USED,CELL PHONE NOT IN USE,NONE APPARENT,,N,US-101 N/B,65.0,H,SLOWING/STOPPING,A,HAD NOT BEEN DRINKING,,,F,FEMALE,31.0,C,CA,A,ASIAN,1.0,PassengerCarStationWagonJeep,2020.0,TOYT,CAMRY,GRY,False,,,,,,,,1,4.0,4.0,False
9089248,2142938,1,Driver,True,False,True,B,UNKNOWN,B,OCCUPANT UNKNOWN,CELL PHONE USE UNKNOWN,NONE APPARENT,,N,US-101 N/B,65.0,B,PROCEEDING STRAIGHT,G,IMPAIRMENT_NOT_KNOWN,,,,,,,,,,99.0,OtherUnknownHitAndRunDriver,,,,,False,,,,,,,,1,4.0,4.0,False
9089168,2142893,2,Driver,,False,False,M,AIR BAG NOT DEPLOYED,G,OCCUPANT LAP SHOULDER HARNESS USED,CELL PHONE NOT IN USE,NONE APPARENT,,S,US-101 S/B,65.0,B,PROCEEDING STRAIGHT,A,HAD NOT BEEN DRINKING,,,F,FEMALE,24.0,C,CA,H,HISPANIC,1.0,PassengerCarStationWagonJeep,2012.0,FIAT,500,BLK,False,,,,,,,,2,4.0,4.0,False
9089167,2142893,1,Driver,True,False,False,P,NOT REQUIRED,W,MOTOR BICYCLE DRIVER WITH HELMET,CELL PHONE NOT IN USE,NONE APPARENT,,S,US-101 S/B,65.0,B,PROCEEDING STRAIGHT,A,HAD NOT BEEN DRINKING,,,M,MALE,23.0,F,NC,B,BLACK,2.0,Motorcycle,2012.0,HOND,CBR600,BLK/YEL,True,,,,,,,,2,4.0,4.0,False
9089163,2142890,3,Driver,,False,False,M,AIR BAG NOT DEPLOYED,G,OCCUPANT LAP SHOULDER HARNESS USED,CELL PHONE NOT IN USE,NONE APPARENT,,S,I-280 S/B,65.0,H,SLOWING/STOPPING,A,HAD NOT BEEN DRINKING,,,F,FEMALE,38.0,C,CA,H,HISPANIC,7.0,SportUtilityVehicle,2017.0,GMC,TERRAIN,BLK,False,,,,,,,,1,4.0,4.0,False
9089162,2142890,2,Driver,,False,False,M,AIR BAG NOT DEPLOYED,G,OCCUPANT LAP SHOULDER HARNESS USED,CELL PHONE NOT IN USE,NONE APPARENT,,S,I-280 S/B,65.0,H,SLOWING/STOPPING,A,HAD NOT BEEN DRINKING,,,F,FEMALE,34.0,C,CA,H,HISPANIC,1.0,PassengerCarStationWagonJeep,2011.0,HYUN,SONATA,BLK,False,,,,,,,,1,4.0,4.0,False
9089161,2142890,1,Driver,True,False,False,L,AIR BAG DEPLOYED,G,OCCUPANT LAP SHOULDER HARNESS USED,CELL PHONE NOT IN USE,NONE APPARENT,,S,I-280 S/B,65.0,B,PROCEEDING STRAIGHT,A,HAD NOT BEEN DRINKING,,,M,MALE,45.0,C,CA,H,HISPANIC,1.0,PassengerCarStationWagonJeep,2004.0,NISS,SENTRA,WHI,True,,,,,,,,1,4.0,4.0,False
9089107,2142863,2,Driver,,False,False,M,AIR BAG NOT DEPLOYED,G,OCCUPANT LAP SHOULDER HARNESS USED,CELL PHONE NOT IN USE,NONE APPARENT,,N,US-101 N/B TO OLD OAKLAND RD.,65.0,A,STOPPED,A,HAD NOT BEEN DRINKING,,,M,MALE,46.0,C,CA,H,HISPANIC,1.0,PassengerCarStationWagonJeep,2020.0,BMW,530E,BLK,False,,,,,,,,EXIT-1,0.0,2.0,False
9089106,2142863,1,Driver,True,False,False,M,AIR BAG NOT DEPLOYED,G,OCCUPANT LAP SHOULDER HARNESS USED,CELL PHONE NOT IN USE,NONE APPARENT,,N,US-101 N/B TO OLD OAKLAND RD.,65.0,R,OTHER,A,HAD NOT BEEN DRINKING,,,F,FEMALE,39.0,C,CA,H,HISPANIC,1.0,PassengerCarStationWagonJeep,1995.0,HOND,ACCORD,SIL,False,,,,,,,,EXIT-2,0.0,2.0,False
9089072,2142842,3,Driver,,False,False,M,AIR BAG NOT DEPLOYED,G,OCCUPANT LAP SHOULDER HARNESS USED,CELL PHONE NOT IN USE,NONE APPARENT,,N,I-280 N/B,65.0,B,PROCEEDING STRAIGHT,A,HAD NOT BEEN DRINKING,,,M,MALE,41.0,U,,H,HISPANIC,1.0,PassengerCarStationWagonJeep,2022.0,SUBA,WRX,BLU,False,,,,,,,,6,4.0,6.0,False
9089071,2142842,2,Driver,,False,False,M,AIR BAG NOT DEPLOYED,G,OCCUPANT LAP SHOULDER HARNESS USED,CELL PHONE NOT IN USE,NONE APPARENT,,N,I-280 N/B,65.0,B,PROCEEDING STRAIGHT,A,HAD NOT BEEN DRINKING,,,M,MALE,42.0,C,CA,B,BLACK,1.0,PassengerCarStationWagonJeep,2016.0,KIA,OPTIMA,SIL,False,,,,,,,,5,6.0,4.0,False
9089070,2142842,1,Driver,True,False,False,M,AIR BAG NOT DEPLOYED,G,OCCUPANT LAP SHOULDER HARNESS USED,CELL PHONE NOT IN USE,NONE APPARENT,,N,I-280 N/B,65.0,J,CHANGING LANES,A,HAD NOT BEEN DRINKING,,,F,FEMALE,29.0,C,CA,H,HISPANIC,7.0,SportUtilityVehicle,2010.0,NISS,CUBE,GRN,False,,,,,,,,4,4.0,6.0,False
9089007,2142809,3,Driver,,False,False,M,AIR BAG NOT DEPLOYED,G,OCCUPANT LAP SHOULDER HARNESS USED,CELL PHONE NOT IN USE,NONE APPARENT,,N,US- 101 N/B,65.0,A,STOPPED,A,HAD NOT BEEN DRINKING,,,F,FEMALE,51.0,C,CA,W,WHITE,1.0,PassengerCarStationWagonJeep,2015.0,TOYT,CAMRY,GRY,False,,,,,,,,4,4.0,4.0,False
9089006,2142809,2,Driver,,False,False,M,AIR BAG NOT DEPLOYED,G,OCCUPANT LAP SHOULDER HARNESS USED,CELL PHONE NOT IN USE,NONE APPARENT,,N,US-101  N/B,65.0,A,STOPPED,A,HAD NOT BEEN DRINKING,,,M,MALE,41.0,U,,A,ASIAN,1.0,PassengerCarStationWagonJeep,2023.0,TESL,MODEL 3,WHI,False,,,,,,,,4,4.0,4.0,False
9089005,2142809,1,Driver,True,False,False,L,AIR BAG DEPLOYED,G,OCCUPANT LAP SHOULDER HARNESS USED,CELL PHONE NOT IN USE,NONE APPARENT,,N,US-101 N/B,65.0,B,PROCEEDING STRAIGHT,A,HAD NOT BEEN DRINKING,,,F,FEMALE,52.0,C,CA,H,HISPANIC,22.0,PickupsAndPanels,2014.0,HOND,RIDGELINE,BLK,False,,,,,,,,4,4.0,4.0,False
9087836,2142227,2,Driver,,False,False,M,AIR BAG NOT DEPLOYED,G,OCCUPANT LAP SHOULDER HARNESS USED,CELL PHONE NOT IN USE,NONE APPARENT,,S,US-101 S/B TO BLOSSOM HILL RD,65.0,A,STOPPED,A,HAD NOT BEEN DRINKING,,,M,MALE,36.0,C,CA,B,BLACK,7.0,SportUtilityVehicle,2023.0,TESL,MODEL Y,GRY,False,,,,,,,,RT-1,0.0,3.0,False
9087835,2142227,1,Driver,True,False,True,B,UNKNOWN,B,OCCUPANT UNKNOWN,CELL PHONE USE UNKNOWN,NONE APPARENT,,S,US-101 S/B TO BLOSSOM HILL RD,65.0,B,PROCEEDING STRAIGHT,G,IMPAIRMENT_NOT_KNOWN,,,,,,,,,,99.0,OtherUnknownHitAndRunDriver,,,,,False,,,,,,,,RT-1,0.0,3.0,False
9087504,2142052,2,Driver,,False,False,M,AIR BAG NOT DEPLOYED,G,OCCUPANT LAP SHOULDER HARNESS USED,CELL PHONE NOT IN USE,NONE APPARENT,,N,SR-17 N/B,65.0,A,STOPPED,A,HAD NOT BEEN DRINKING,,,F,FEMALE,44.0,C,CA,W,WHITE,1.0,PassengerCarStationWagonJeep,2015.0,TOYT,PRIUS,RED,False,,,,,,,,4,4.0,4.0,False
9087503,2142052,1,Driver,True,False,True,B,UNKNOWN,B,OCCUPANT UNKNOWN,CELL PHONE USE UNKNOWN,NONE APPARENT,,N,SR-17 N/B,65.0,B,PROCEEDING STRAIGHT,G,IMPAIRMENT_NOT_KNOWN,,,,,,,,,,99.0,OtherUnknownHitAndRunDriver,,,,,False,,,,,,,,4,4.0,4.0,False
9087479,2142039,1,Driver,True,False,True,L,AIR BAG DEPLOYED,B,OCCUPANT UNKNOWN,CELL PHONE USE UNKNOWN,NONE APPARENT,,S,I-680 S/B,65.0,C,RAN OFF ROAD,G,IMPAIRMENT_NOT_KNOWN,,,,,,,,,,99.0,OtherUnknownHitAndRunDriver,2010.0,TOYT,COROLLA,GRN,False,,,,,,,,4,4.0,4.0,False
9087449,2142024,2,Driver,,False,False,P,NOT REQUIRED,W,MOTOR BICYCLE DRIVER WITH HELMET,CELL PHONE NOT IN USE,NONE APPARENT,,N,I-280 N/B,65.0,H,SLOWING/STOPPING,A,HAD NOT BEEN DRINKING,,,M,MALE,38.0,M1,CA,W,WHITE,2.0,Motorcycle,2022.0,YAMA,YZF R1,BLK,False,,,,,,,,HOV,5.0,5.0,False
9087448,2142024,1,Driver,True,False,False,L,AIR BAG DEPLOYED,G,OCCUPANT LAP SHOULDER HARNESS USED,CELL PHONE NOT IN USE,NONE APPARENT,,N,I-280 N/B,65.0,B,PROCEEDING STRAIGHT,A,HAD NOT BEEN DRINKING,,,F,FEMALE,17.0,C,CA,A,ASIAN,7.0,SportUtilityVehicle,2022.0,TESL,Y,BLU,False,,,,,,,,HOV,5.0,5.0,False
9087386,2141991,3,Driver,,False,False,M,AIR BAG NOT DEPLOYED,G,OCCUPANT LAP SHOULDER HARNESS USED,CELL PHONE NOT IN USE,NONE APPARENT,,S,I-680 S/B,65.0,H,SLOWING/STOPPING,A,HAD NOT BEEN DRINKING,,,M,MALE,46.0,C,CA,W,WHITE,22.0,PickupsAndPanels,2018.0,FORD,F-150,BLK,False,,,,,,,,1,4.0,4.0,False
9087385,2141991,2,Driver,,False,False,M,AIR BAG NOT DEPLOYED,G,OCCUPANT LAP SHOULDER HARNESS USED,CELL PHONE NOT IN USE,NONE APPARENT,,S,I-680 S/B,65.0,H,SLOWING/STOPPING,A,HAD NOT BEEN DRINKING,,,M,MALE,55.0,C,CA,A,ASIAN,7.0,SportUtilityVehicle,2023.0,LEXS,RX350,WHI,False,,,,,,,,1,4.0,4.0,False
9087384,2141991,1,Driver,True,False,False,M,AIR BAG NOT DEPLOYED,G,OCCUPANT LAP SHOULDER HARNESS USED,CELL PHONE NOT IN USE,NONE APPARENT,,S,I-680 S/B,65.0,B,PROCEEDING STRAIGHT,A,HAD NOT BEEN DRINKING,,,M,MALE,55.0,C,CA,A,ASIAN,1.0,PassengerCarStationWagonJeep,2004.0,LEXS,ES330,WHI,False,,,,,,,,1,4.0,4.0,False
9087314,2141951,2,Driver,,False,False,M,AIR BAG NOT DEPLOYED,G,OCCUPANT LAP SHOULDER HARNESS USED,CELL PHONE NOT IN USE,NONE APPARENT,,S,US-101 S/B,65.0,B,PROCEEDING STRAIGHT,A,HAD NOT BEEN DRINKING,,,M,MALE,65.0,C,CA,H,HISPANIC,8.0,MiniVan,2017.0,CHEV,EXPRESS,WHI,True,,,,,,,,HOV,4.0,4.0,False
9087313,2141951,1,Driver,,False,False,M,AIR BAG NOT DEPLOYED,G,OCCUPANT LAP SHOULDER HARNESS USED,CELL PHONE NOT IN USE,NONE APPARENT,,N,US-101 N/B,65.0,B,PROCEEDING STRAIGHT,A,HAD NOT BEEN DRINKING,,,M,MALE,37.0,C,CA,H,HISPANIC,1.0,PassengerCarStationWagonJeep,2019.0,HOND,CIVIC,WHI,False,,,,,,,,HOV,4.0,4.0,False
9086842,2141707,2,Driver,,False,False,M,AIR BAG NOT DEPLOYED,G,OCCUPANT LAP SHOULDER HARNESS USED,CELL PHONE NOT IN USE,NONE APPARENT,,S,US-101 S/B,65.0,B,PROCEEDING STRAIGHT,A,HAD NOT BEEN DRINKING,,,F,FEMALE,22.0,C,CA,H,HISPANIC,1.0,PassengerCarStationWagonJeep,2007.0,NISS,SENTRA,BLU,False,,,,,,,,6,5.0,6.0,False
9086841,2141707,1,Driver,True,False,False,M,AIR BAG NOT DEPLOYED,G,OCCUPANT LAP SHOULDER HARNESS USED,CELL PHONE NOT IN USE,NONE APPARENT,,S,US-101 S/B,65.0,J,CHANGING LANES,A,HAD NOT BEEN DRINKING,,,F,FEMALE,68.0,C,CA,H,HISPANIC,1.0,PassengerCarStationWagonJeep,2007.0,FORD,FUSION,GRY,False,,,,,,,,5,5.0,6.0,False
9086838,2141705,3,Driver,,False,False,M,AIR BAG NOT DEPLOYED,G,OCCUPANT LAP SHOULDER HARNESS USED,CELL PHONE NOT IN USE,NONE APPARENT,,S,SR-87 S/B,65.0,A,STOPPED,A,HAD NOT BEEN DRINKING,,,F,FEMALE,20.0,C,CA,H,HISPANIC,1.0,PassengerCarStationWagonJeep,2017.0,TOYT,RAV4,WHI,False,,,,,,,,1,3.0,3.0,False
9086837,2141705,2,Driver,,False,False,M,AIR BAG NOT DEPLOYED,G,OCCUPANT LAP SHOULDER HARNESS USED,CELL PHONE NOT IN USE,NONE APPARENT,,S,SR-87 S/B,65.0,H,SLOWING/STOPPING,A,HAD NOT BEEN DRINKING,,,M,MALE,33.0,C,CA,H,HISPANIC,1.0,PassengerCarStationWagonJeep,2020.0,TOYT,CAMRY,GRY,False,,,,,,,,1,3.0,3.0,False
9086836,2141705,1,Driver,True,False,False,M,AIR BAG NOT DEPLOYED,G,OCCUPANT LAP SHOULDER HARNESS USED,CELL PHONE NOT IN USE,NONE APPARENT,,S,SR-87 S/B,65.0,B,PROCEEDING STRAIGHT,A,HAD NOT BEEN DRINKING,,,M,MALE,32.0,C,CA,H,HISPANIC,22.0,PickupsAndPanels,2002.0,FORD ,RANGER,WHI,False,,,,,,,,1,3.0,3.0,False
9086834,2141703,2,Driver,,False,False,M,AIR BAG NOT DEPLOYED,G,OCCUPANT LAP SHOULDER HARNESS USED,CELL PHONE NOT IN USE,NONE APPARENT,,S,I-880 S/B,65.0,H,SLOWING/STOPPING,A,HAD NOT BEEN DRINKING,,,M,MALE,19.0,U,CA,H,HISPANIC,1.0,PassengerCarStationWagonJeep,2016.0,TOYT,PRIUS,WHI,False,,,,,,,,3,4.0,4.0,False
9086833,2141703,1,Driver,True,False,False,M,AIR BAG NOT DEPLOYED,H,OCCUPANT LAP SHOULDER HARNESS NOT USED,CELL PHONE NOT IN USE,NONE APPARENT,,S,I-880 S/B,65.0,B,PROCEEDING STRAIGHT,A,HAD NOT BEEN DRINKING,,,M,MALE,54.0,A,CA,H,HISPANIC,26.0,TwoAxleTruck,2014.0,PTRB,TRUCK AND TRAILER,WHI,False,31.0,SemiTrailer,2004.0,UTILI,,WHI,,3,4.0,4.0,False