PartyId,CollisionId,PartyNumber,PartyType,IsAtFault,IsOnDutyEmergencyVehicle,IsHitAndRun,AirbagCode,AirbagDescription,SafetyEquipmentCode,SafetyEquipmentDescription,Special Information,Other Associate Factor,Inattention,DirectionOfTravel,StreetOrHighwayName,SpeedLimit,MovementPrecCollCode,MovementPrecCollDescription,SobrietyDrugPhysicalCode1,SobrietyDrugPhysicalDescription1,SobrietyDrugPhysicalCode2,SobrietyDrugPhysicalDescription2,GenderCode,GenderDescription,StatedAge,DriverLicenseClass,DriverLicenseStateCode,RaceCode,RaceDesc,Vehicle1TypeId, Vehicle1TypeDesc, Vehicle1Year,Vehicle1Make,Vehicle1Model,Vehicle1Color,V1IsVehicleTowed,Vehicle2TypeId, Vehicle2TypeDesc, Vehicle2Year,Vehicle2Make,Vehicle2Model,Vehicle2Color,V2IsVehicleTowed,Lane,ThruLanes,TotalLanes,IsDREConducted
9750379,2484782,2,Driver,,False,,M,AIR BAG NOT DEPLOYED,G,OCCUPANT LAP SHOULDER HARNESS USED,,VISION OBSCUREMENT,,N,,,B,PROCEEDING STRAIGHT,A,HAD NOT BEEN DRINKING,,,F,FEMALE,,C,CA,,,1.0,PassengerCarStationWagonJeep,2008.0,TOYOTA,,,,,,,,,,,,,,
9750378,2484782,1,Bicyclist,,False,,,,,,,OTHER,,E,,,B,PROCEEDING STRAIGHT,A,HAD NOT BEEN DRINKING,,,F,FEMALE,,,,,,4.0,Bicycle,,,,,,,,,,,,,,,,
9750377,2484781,2,Pedestrian,,False,,,,,,CELL PHONE NOT IN USE,NONE APPARENT,,N,,,B,PROCEEDING STRAIGHT,A,HAD NOT BEEN DRINKING,,,M,MALE,,,,,,60.0,Pedestrian,,,,,,,,,,,,,,,,
9750376,2484781,1,Driver,True,False,,M,AIR BAG NOT DEPLOYED,Q,CHILD IN VEHICLE USED,CELL PHONE NOT IN USE,NONE APPARENT,,E,,,B,PROCEEDING STRAIGHT,A,HAD NOT BEEN DRINKING,,,F,FEMALE,,C,CA,,,,,2008.0,HONDA,,,,,,,,,,,,,,
9750375,2484780,3,Driver,,False,,M,AIR BAG NOT DEPLOYED,C,OCCUPANT LAP BELT USED,CELL PHONE NOT IN USE,NONE APPARENT,,S,,,A,STOPPED,A,HAD NOT BEEN DRINKING,,,F,FEMALE,,C,CA,,,,,2015.0,HYUNDAI,,,,,,,,,,,,,,
9750374,2484780,2,Driver,,False,,M,AIR BAG NOT DEPLOYED,C,OCCUPANT LAP BELT USED,CELL PHONE NOT IN USE,NONE APPARENT,,S,,,A,STOPPED,A,HAD NOT BEEN DRINKING,,,F,FEMALE,,C,CA,,,,,2018.0,NISSAN,,,,,,,,,,,,,,
9750373,2484780,1,Driver,True,False,,M,AIR BAG NOT DEPLOYED,C,OCCUPANT LAP BELT USED,CELL PHONE NOT IN USE,VC SECTION VIOLATED - 12500 A / INATTENTION,OTHER,S,,,B,PROCEEDING STRAIGHT,A,HAD NOT BEEN DRINKING,,,M,MALE,,,,,,,,2008.0,VOLKSWAGEN,,,,,,,,,,,,,,
9750372,2484779,2,Driver,,False,,M,AIR BAG NOT DEPLOYED,C,OCCUPANT LAP BELT USED,HAZARDOUS MATERIAL,,,E,,,B,PROCEEDING STRAIGHT,A,HAD NOT BEEN DRINKING,,,F,FEMALE,,C,CA,W,WHITE,,,2013.0,FORD,,,,,,,,,,,,,,
9750371,2484779,1,Pedestrian,True,False,,,,,,HAZARDOUS MATERIAL,,,S,,,R,OTHER,D,HBD-IMPAIRMENT UNKNOWN,,,M,MALE,,,,,,60.0,Pedestrian,,,,,,,,,,,,,,,,
9750370,2484778,2,Bicyclist,,False,,,,,,CELL PHONE NOT IN USE,NONE APPARENT,,N,,,B,PROCEEDING STRAIGHT,A,HAD NOT BEEN DRINKING,,,M,MALE,,,,,,4.0,Bicycle,,,,,,,,,,,,,,,,
9750369,2484778,1,Driver,True,False,,M,AIR BAG NOT DEPLOYED,G,OCCUPANT LAP SHOULDER HARNESS USED,CELL PHONE NOT IN USE,NONE APPARENT,,E,,,E,MAKING LEFT TURN,A,HAD NOT BEEN DRINKING,,,F,FEMALE,,C,CA,W,WHITE,,,2007.0,HONDA,,,,,,,,,,,,,,
9750368,2484777,2,Driver,,False,,M,AIR BAG NOT DEPLOYED,G,OCCUPANT LAP SHOULDER HARNESS USED,,NONE APPARENT,,N,,,A,STOPPED,A,HAD NOT BEEN DRINKING,,,F,FEMALE,,C,CA,W,WHITE,,,2016.0,KIA,,,,,,,,,,,,,,
9750367,2484777,1,Driver,True,False,,M,AIR BAG NOT DEPLOYED,B,OCCUPANT UNKNOWN,,NONE APPARENT,,N,,,B,PROCEEDING STRAIGHT,G,IMPAIRMENT_NOT_KNOWN,,,F,FEMALE,,C,CA,,,,,2016.0,CHEVROLET,,,,,,,,,,,,,,
9750366,2484776,3,Driver,,False,,M,AIR BAG NOT DEPLOYED,G,OCCUPANT LAP SHOULDER HARNESS USED,,NONE APPARENT,,S,,,A,STOPPED,A,HAD NOT BEEN DRINKING,,,F,FEMALE,,C,CA,,,,,2021.0,HONDA,,,,,,,,,,,,,,
9750365,2484776,2,Driver,,False,,M,AIR BAG NOT DEPLOYED,G,OCCUPANT LAP SHOULDER HARNESS USED,,NONE APPARENT,,S,,,A,STOPPED,A,HAD NOT BEEN DRINKING,,,M,MALE,,C,CA,,,,,2021.0,TOYOTA,,,,,,,,,,,,,,
9750364,2484776,1,Driver,True,False,,L,AIR BAG DEPLOYED,G,OCCUPANT LAP SHOULDER HARNESS USED,,NONE APPARENT,,S,,,B,PROCEEDING STRAIGHT,A,HAD NOT BEEN DRINKING,,,M,MALE,,C,,,,,,2021.0,NISSAN,,,,,,,,,,,,,,
9750363,2484775,2,Driver,,False,,N,OTHER,C,OCCUPANT LAP BELT USED,,NONE APPARENT,,N,,,A,STOPPED,A,HAD NOT BEEN DRINKING,,,F,FEMALE,,C,CA,,,,,2023.0,HONDA,,,,,,,,,,,,,,
9750362,2484775,1,Driver,True,False,,N,OTHER,C,OCCUPANT LAP BELT USED,,NONE APPARENT,,N,,,A,STOPPED,A,HAD NOT BEEN DRINKING,,,F,FEMALE,,C,CA,,,,,2019.0,TOYOTA,,,,,,,,,,,,,,
9750361,2484774,2,Driver,,False,,L,AIR BAG DEPLOYED,G,OCCUPANT LAP SHOULDER HARNESS USED,,,,E,,,B,PROCEEDING STRAIGHT,H,NOT APPLICABLE,,,M,MALE,,C,CA,,,,,2018.0,TOYOTA,,,,,,,,,,,,,,
9750360,2484774,1,Driver,True,False,,M,AIR BAG NOT DEPLOYED,G,OCCUPANT LAP SHOULDER HARNESS USED,,VISION OBSCUREMENT,,N,,,B,PROCEEDING STRAIGHT,H,NOT APPLICABLE,,,M,MALE,,C,CA,,,,,2019.0,MERCEDES-BENZ,,,,,,,,,,,,,,
9750359,2484772,2,Bicyclist,,False,,,,,,CELL PHONE NOT IN USE,NONE APPARENT,,N,,,B,PROCEEDING STRAIGHT,C,HBD-NOT UNDER INFLUENCE,,,M,MALE,,,,,,4.0,Bicycle,,,,,,,,,,,,,,,,
9750358,2484772,1,Driver,True,False,,M,AIR BAG NOT DEPLOYED,G,OCCUPANT LAP SHOULDER HARNESS USED,CELL PHONE NOT IN USE,NONE APPARENT,,W,,,D,MAKING RIGHT TURN,C,HBD-NOT UNDER INFLUENCE,,,M,MALE,,C,CA,W,WHITE,,,2023.0,TOYOTA,,,,,,,,,,,,,,
9750357,2484773,2,Pedestrian,,False,,,,,,,NONE APPARENT,,N,,,B,PROCEEDING STRAIGHT,G,IMPAIRMENT_NOT_KNOWN,,,M,MALE,,,,,,60.0,Pedestrian,,,,,,,,,,,,,,,,
9750356,2484773,1,Driver,True,False,,,,,,,NONE APPARENT,,W,,,D,MAKING RIGHT TURN,G,IMPAIRMENT_NOT_KNOWN,,,,,,,,,,,,,DODGE,,,,,,,,,,,,,,
9750355,2484771,2,Driver,,False,,L,AIR BAG DEPLOYED,E,OCCUPANT SHOULDER HARNESS USED,,,,E,,,B,PROCEEDING STRAIGHT,A,HAD NOT BEEN DRINKING,,,M,MALE,,C,CA,,,,,2023.0,HONDA,,,,,,,,,,,,,,
9750354,2484771,1,Driver,True,False,,L,AIR BAG DEPLOYED,E,OCCUPANT SHOULDER HARNESS USED,,,,N,,,E,MAKING LEFT TURN,A,HAD NOT BEEN DRINKING,,,M,MALE,,C,CA,,,,,2023.0,HONDA,,,,,,,,,,,,,,
9750353,2484770,2,Driver,,False,,P,NOT REQUIRED,,,,,,N,,,B,PROCEEDING STRAIGHT,A,HAD NOT BEEN DRINKING,,,M,MALE,,,CA,W,WHITE,,,2005.0,SUZUKI,,,,,,,,,,,,,,
9750352,2484770,1,Driver,True,False,,M,AIR BAG NOT DEPLOYED,G,OCCUPANT LAP SHOULDER HARNESS USED,,VC SECTION VIOLATED / INATTENTION,OTHER,S,,,E,MAKING LEFT TURN,A,HAD NOT BEEN DRINKING,,,F,FEMALE,,C,CA,W,WHITE,,,2003.0,AUDI,,,,,,,,,,,,,,
9750351,2484769,2,Driver,,False,,M,AIR BAG NOT DEPLOYED,G,OCCUPANT LAP SHOULDER HARNESS USED,,NONE APPARENT,,N,,,B,PROCEEDING STRAIGHT,G,IMPAIRMENT_NOT_KNOWN,,,F,FEMALE,,,,,,,,2019.0,NISSAN,,,,,,,,,,,,,,
9750350,2484769,1,Driver,True,False,,L,AIR BAG DEPLOYED,G,OCCUPANT LAP SHOULDER HARNESS USED,,NONE APPARENT,,N,,,B,PROCEEDING STRAIGHT,G,IMPAIRMENT_NOT_KNOWN,,,M,MALE,,C,CA,,,,,2015.0,AUDI,,,,,,,,,,,,,,
9750349,2484768,3,Driver,,False,,M,AIR BAG NOT DEPLOYED,G,OCCUPANT LAP SHOULDER HARNESS USED,,NONE APPARENT,,S,,,A,STOPPED,A,HAD NOT BEEN DRINKING,,,F,FEMALE,,C,CA,,,,,2022.0,HONDA,,,,,,,,,,,,,,
9750348,2484768,2,Driver,,False,,M,AIR BAG NOT DEPLOYED,G,OCCUPANT LAP SHOULDER HARNESS USED,,NONE APPARENT,,S,,,A,STOPPED,A,HAD NOT BEEN DRINKING,,,F,FEMALE,,C,CA,W,WHITE,,,2012.0,TOYOTA,,,,,,,,,,,,,,
9750347,2484768,1,Driver,True,False,,B,UNKNOWN,,,,NONE APPARENT,,S,,,B,PROCEEDING STRAIGHT,G,IMPAIRMENT_NOT_KNOWN,,,,,,,,,,,,,HONDA,,,,,,,,,,,,,,
9750346,2484767,2,Driver,,False,,P,NOT REQUIRED,G,OCCUPANT LAP SHOULDER HARNESS USED,,NONE APPARENT,,W,,,B,PROCEEDING STRAIGHT,G,IMPAIRMENT_NOT_KNOWN,,,F,FEMALE,,C,CA,W,WHITE,,,1989.0,TOYOTA,,,,,,,,,,,,,,
9750345,2484767,1,Driver,True,False,,M,AIR BAG NOT DEPLOYED,G,OCCUPANT LAP SHOULDER HARNESS USED,,NONE APPARENT,,S,,,E,MAKING LEFT TURN,G,IMPAIRMENT_NOT_KNOWN,,,M,MALE,,C,CA,,,,,2006.0,HONDA,,,,,,,,,,,,,,
9750344,2484766,2,Driver,,False,,M,AIR BAG NOT DEPLOYED,C,OCCUPANT LAP BELT USED,,ENTERING OR LEAVING RAMP / NONE APPARENT,,E,,,A,STOPPED,H,NOT APPLICABLE,,,M,MALE,,C,CA,,,,,2021.0,TOYOTA,,,,,,,,,,,,,,
9750343,2484766,1,Driver,True,False,,P,NOT REQUIRED,B,OCCUPANT UNKNOWN,,VC SECTION VIOLATED - 22350 / NONE APPARENT,,S,,,B,PROCEEDING STRAIGHT,H,NOT APPLICABLE,,,M,MALE,,M,CA,,,,,2023.0,KAWASAKI,,,,,,,,,,,,,,
9750342,2484765,2,Bicyclist,,False,,,,,,,NONE APPARENT,,E,,,B,PROCEEDING STRAIGHT,H,NOT APPLICABLE,,,M,MALE,,,,W,WHITE,,,,,,,,,,,,,,,,,,
9750341,2484765,1,Driver,True,False,,M,AIR BAG NOT DEPLOYED,G,OCCUPANT LAP SHOULDER HARNESS USED,,NONE APPARENT,,E,,,L,ENTERING TRAFFICD,H,NOT APPLICABLE,,,M,MALE,,,CA,,,,,2019.0,CHEVROLET,,,,,,,,,,,,,,
9750340,2484764,2,Driver,,False,,L,AIR BAG DEPLOYED,G,OCCUPANT LAP SHOULDER HARNESS USED,,,,N,,,B,PROCEEDING STRAIGHT,A,HAD NOT BEEN DRINKING,,,M,MALE,,,CA,,,,,,,,,,,,,,,,,,,,
9750339,2484764,1,Driver,True,False,,L,AIR BAG DEPLOYED,G,OCCUPANT LAP SHOULDER HARNESS USED,,,,E,,,L,ENTERING TRAFFICD,A,HAD NOT BEEN DRINKING,,,M,MALE,,,CA,,,,,2022.0,FORD,,,,,,,,,,,,,,
9750338,2484763,3,Driver,,False,,M,AIR BAG NOT DEPLOYED,,,,NONE APPARENT,,W,,,A,STOPPED,A,HAD NOT BEEN DRINKING,,,U,UNKNOWN,,C,CA,,,,,2011.0,BMW,,,,,,,,,,,,,,
9750337,2484763,2,Driver,,False,,M,AIR BAG NOT DEPLOYED,B,OCCUPANT UNKNOWN,,NONE APPARENT,,W,,,E,MAKING LEFT TURN,A,HAD NOT BEEN DRINKING,,,M,MALE,,C,CA,,,,,2013.0,HYUNDAI,,,,,,,,,,,,,,
9750336,2484763,1,Driver,True,False,,M,AIR BAG NOT DEPLOYED,B,OCCUPANT UNKNOWN,,NONE APPARENT,,E,,,B,PROCEEDING STRAIGHT,A,HAD NOT BEEN DRINKING,,,M,MALE,,C,CA,,,,,2014.0,TOYOTA,,,,,,,,,,,,,,
9750335,2484762,2,Driver,,False,,M,AIR BAG NOT DEPLOYED,G,OCCUPANT LAP SHOULDER HARNESS USED,,NONE APPARENT,,N,,,E,MAKING LEFT TURN,A,HAD NOT BEEN DRINKING,,,F,FEMALE,,,CA,,,,,2008.0,TOYOTA,,,,,,,,,,,,,,
9750334,2484762,1,Bicyclist,True,False,,,,,,,VC SECTION VIOLATED - 21201 D / NONE APPARENT,,S,,,B,PROCEEDING STRAIGHT,A,HAD NOT BEEN DRINKING,,,,,,,,,,,,,,,,,,,,,,,,,,,
9750333,2484761,2,Driver,,False,,L,AIR BAG DEPLOYED,G,OCCUPANT LAP SHOULDER HARNESS USED,,NONE APPARENT,,W,,,B,PROCEEDING STRAIGHT,A,HAD NOT BEEN DRINKING,,,M,MALE,,,CA,,,,,2021.0,HONDA,,,,,,,,,,,,,,
9750332,2484761,1,Driver,True,False,,L,AIR BAG DEPLOYED,G,OCCUPANT LAP SHOULDER HARNESS USED,,VC SECTION VIOLATED - 21453 / NONE APPARENT,,N,,,B,PROCEEDING STRAIGHT,A,HAD NOT BEEN DRINKING,,,F,FEMALE,,,CA,,,,,2021.0,TOYOTA,,,,,,,,,,,,,,
9750331,2484760,2,Pedestrian,,False,,,,,,,NONE APPARENT,,W,,,,,A,HAD NOT BEEN DRINKING,,,F,FEMALE,,,,W,WHITE,60.0,Pedestrian,,,,,,,,,,,,,,,,
9750330,2484760,1,Driver,True,False,,M,AIR BAG NOT DEPLOYED,G,OCCUPANT LAP SHOULDER HARNESS USED,,NONE APPARENT,,S,,,E,MAKING LEFT TURN,A,HAD NOT BEEN DRINKING,,,M,MALE,,,CA,,,,,2014.0,INFINITI,,,,,,,,,,,,,,
9750329,2484759,2,Driver,,False,,M,AIR BAG NOT DEPLOYED,G,OCCUPANT LAP SHOULDER HARNESS USED,,,,N,,,A,STOPPED,A,HAD NOT BEEN DRINKING,,,F,FEMALE,,,CA,,,7.0,SportUtilityVehicle,2015.0,HONDA,,,,,,,,,,,,,,
9750328,2484759,1,Driver,True,False,,B,UNKNOWN,,,CELL PHONE HANDHELD IN USE,VC SECTION VIOLATED - 22350,,N,,,B,PROCEEDING STRAIGHT,G,IMPAIRMENT_NOT_KNOWN,,,,,,,,,,99.0,OtherUnknownHitAndRunDriver,2013.0,MAZDA,,,,,,,,,,,,,,
9750327,2484758,2,Pedestrian,,False,,,,,,,NONE APPARENT,,W,,,B,PROCEEDING STRAIGHT,B,HBD-UNDER INFLUENCE,,,M,MALE,,,,,,60.0,Pedestrian,,,,,,,,,,,,,,,,
9750326,2484758,1,Driver,True,False,,B,UNKNOWN,,,,NONE APPARENT,,W,,,B,PROCEEDING STRAIGHT,G,IMPAIRMENT_NOT_KNOWN,,,,,,,,,,,,,,,,,,,,,,,,,,,
9750325,2484757,2,Driver,,False,,M,AIR BAG NOT DEPLOYED,B,OCCUPANT UNKNOWN,CELL PHONE NOT IN USE,NONE APPARENT,,W,,,A,STOPPED,A,HAD NOT BEEN DRINKING,,,M,MALE,,,CA,,,,,2013.0,LEXUS,,,,,,,,,,,,,,
9750324,2484757,1,Driver,True,False,,M,AIR BAG NOT DEPLOYED,B,OCCUPANT UNKNOWN,,VC SECTION VIOLATED - 20001 / NONE APPARENT,,W,,,B,PROCEEDING STRAIGHT,G,IMPAIRMENT_NOT_KNOWN,,,,,,,,,,,,2023.0,GMC,,,,,,,,,,,,,,
9750323,2484756,2,Bicyclist,,False,,,,,,CELL PHONE NOT IN USE,NONE APPARENT,,S,,,D,MAKING RIGHT TURN,A,HAD NOT BEEN DRINKING,,,M,MALE,,,,,,,,,,,,,,,,,,,,,,,
9750322,2484756,1,Driver,True,False,,,,,,,VC SECTION VIOLATED - 20001 / NONE APPARENT,,S,,,D,MAKING RIGHT TURN,G,IMPAIRMENT_NOT_KNOWN,,,,,,,,,,,,,,,,,,,,,,,,,,,
9750321,2484755,2,Driver,,False,,,,,,CELL PHONE NOT IN USE,NONE APPARENT,,S,,,A,STOPPED,A,HAD NOT BEEN DRINKING,,,F,FEMALE,,,CA,,,8.0,MiniVan,,CHRYSLER,,,,,,,,,,,,,,
9750320,2484755,1,Driver,True,False,,M,AIR BAG NOT DEPLOYED,B,OCCUPANT UNKNOWN,,OTHER,,S,,,B,PROCEEDING STRAIGHT,G,IMPAIRMENT_NOT_KNOWN,,,,,,,,,,1.0,PassengerCarStationWagonJeep,2006.0,HONDA,,,,,,,,,,,,,,
9750319,2484754,2,Driver,,False,,,,,,,,,S,,,A,STOPPED,A,HAD NOT BEEN DRINKING,,,M,MALE,,,CA,,,2.0,Motorcycle,2023.0,KAWASAKI,,,,,,,,,,,,,,
9750318,2484754,1,Driver,True,False,,,,,,,VC SECTION VIOLATED - 22350,,,,,B,PROCEEDING STRAIGHT,D,HBD-IMPAIRMENT UNKNOWN,,,,,,,,,,99.0,OtherUnknownHitAndRunDriver,,LEXUS,,,,,,,,,,,,,,
9750317,2484753,2,Pedestrian,,False,,,,,,,NONE APPARENT,,S,,,N,XING INTO OPPOSING LANE,A,HAD NOT BEEN DRINKING,,,M,MALE,,,,,,60.0,Pedestrian,,,,,,,,,,,,,,,,
9750316,2484753,1,Driver,True,False,,,,,,,VC SECTION VIOLATED - 21461 A,,W,,,G,BACKING,G,IMPAIRMENT_NOT_KNOWN,,,,,,,,,,,,2017.0,JAGM,,,,,,,,,,,,,,
9750315,2484752,2,Driver,,False,,B,UNKNOWN,,,,NONE APPARENT,,S,,,A,STOPPED,G,IMPAIRMENT_NOT_KNOWN,,,,,,,,,,,,,FORD,,,,,,,,,,,,,,
9750314,2484752,1,Driver,True,False,,M,AIR BAG NOT DEPLOYED,Q,CHILD IN VEHICLE USED,,NONE APPARENT,,S,,,B,PROCEEDING STRAIGHT,G,IMPAIRMENT_NOT_KNOWN,,,F,FEMALE,,,CA,B,BLACK,,,2014.0,TOYOTA,,,,,,,,,,,,,,
9750313,2484751,2,Pedestrian,,False,,,,,,,NONE APPARENT,,W,,,R,OTHER,H,NOT APPLICABLE,,,M,MALE,,,,W,WHITE,60.0,Pedestrian,,,,,,,,,,,,,,,,
9750312,2484751,1,Driver,True,False,,M,AIR BAG NOT DEPLOYED,G,OCCUPANT LAP SHOULDER HARNESS USED,,NONE APPARENT,,W,,,D,MAKING RIGHT TURN,H,NOT APPLICABLE,,,F,FEMALE,,,CA,W,WHITE,,,2016.0,MERCEDES-BENZ,,,,,,,,,,,,,,
9750311,2484750,2,Driver,,False,,L,AIR BAG DEPLOYED,G,OCCUPANT LAP SHOULDER HARNESS USED,CELL PHONE NOT IN USE,NONE APPARENT,,E,,,B,PROCEEDING STRAIGHT,A,HAD NOT BEEN DRINKING,,,M,MALE,,,CA,,,,,2018.0,MAZDA,,,,,,,,,,,,,,
9750310,2484750,1,Driver,True,False,,M,AIR BAG NOT DEPLOYED,G,OCCUPANT LAP SHOULDER HARNESS USED,CELL PHONE NOT IN USE,NONE APPARENT,,E,,,F,MAKING U TURN,A,HAD NOT BEEN DRINKING,,,M,MALE,,,CA,,,,,2021.0,TESLA,,,,,,,,,,,,,,
9750309,2484749,2,Other,,False,,,,,,,NONE APPARENT,,S,,,E,MAKING LEFT TURN,,,,,,,,,,,,,,,,,,,,,,,,,,,,,
9750308,2484749,1,Driver,True,False,,B,UNKNOWN,,,,NONE APPARENT,,W,,,B,PROCEEDING STRAIGHT,D,HBD-IMPAIRMENT UNKNOWN,,,,,,,,,,,,2003.0,STRN,,,,,,,,,,,,,,
9750204,2484706,2,Driver,,False,,,,,,,NONE APPARENT,,S,,,A,STOPPED,H,NOT APPLICABLE,,,M,MALE,,,CA,,,1.0,PassengerCarStationWagonJeep,2014.0,HONDA,,,,,,,,,,,,,,
9750203,2484706,1,Driver,True,False,,M,AIR BAG NOT DEPLOYED,C,OCCUPANT LAP BELT USED,,INATTENTION,OTHER,S,,,A,STOPPED,H,NOT APPLICABLE,,,M,MALE,,,CA,W,WHITE,1.0,PassengerCarStationWagonJeep,2003.0,HONDA,,,,,,,,,,,,,,
9750202,2484705,2,Bicyclist,,False,,,,,,CELL PHONE NOT IN USE,,,,,,B,PROCEEDING STRAIGHT,G,IMPAIRMENT_NOT_KNOWN,,,M,MALE,,,,,,4.0,Bicycle,,,,,,,,,,,,,,,,
9750201,2484705,1,Driver,True,False,,,,,,CELL PHONE NOT IN USE,VC SECTION VIOLATED - 22350,,N,,,E,MAKING LEFT TURN,G,IMPAIRMENT_NOT_KNOWN,,,,,,,,,,1.0,PassengerCarStationWagonJeep,2020.0,HONDA,,,,,,,,,,,,,,
9750071,2484644,1,Driver,True,False,,L,AIR BAG DEPLOYED,G,OCCUPANT LAP SHOULDER HARNESS USED,,NONE APPARENT,,N,,,B,PROCEEDING STRAIGHT,H,NOT APPLICABLE,,,F,FEMALE,,,CA,W,WHITE,,,2020.0,FORD,,,,,,,,,,,,,,
9750070,2484643,2,Pedestrian,,False,,,,,,,NONE APPARENT,,,,,A,STOPPED,A,HAD NOT BEEN DRINKING,,,F,FEMALE,,,,,,60.0,Pedestrian,,,,,,,,,,,,,,,,
9750069,2484643,1,Driver,True,False,,M,AIR BAG NOT DEPLOYED,H,OCCUPANT LAP SHOULDER HARNESS NOT USED,,NONE APPARENT,,W,,,A,STOPPED,A,HAD NOT BEEN DRINKING,,,F,FEMALE,,,CA,,,,,2019.0,KIA,,,,,,,,,,,,,,
9750068,2484642,2,Driver,,False,,M,AIR BAG NOT DEPLOYED,G,OCCUPANT LAP SHOULDER HARNESS USED,,,,W,,,L,ENTERING TRAFFICD,A,HAD NOT BEEN DRINKING,,,M,MALE,,,CA,,,,,2014.0,GMC,,,,,,,,,,,,,,
9750067,2484642,1,Bicyclist,True,False,,,,,,,,,W,,,E,MAKING LEFT TURN,A,HAD NOT BEEN DRINKING,,,M,MALE,,,,W,WHITE,,,,,,,,,,,,,,,,,,
9750066,2484641,2,Driver,,False,,M,AIR BAG NOT DEPLOYED,G,OCCUPANT LAP SHOULDER HARNESS USED,CELL PHONE NOT IN USE,STOP & GO TRAFFIC,,E,,,A,STOPPED,A,HAD NOT BEEN DRINKING,,,M,MALE,,,CA,,,,,2019.0,HONDA,,,,,,,,,,,,,,
9750065,2484641,1,Driver,True,False,,M,AIR BAG NOT DEPLOYED,G,OCCUPANT LAP SHOULDER HARNESS USED,CELL PHONE NOT IN USE,STOP & GO TRAFFIC,,E,,,B,PROCEEDING STRAIGHT,A,HAD NOT BEEN DRINKING,,,F,FEMALE,,,CA,,,,,2022.0,AUDI,,,,,,,,,,,,,,
9750064,2484640,2,Driver,,False,,L,AIR BAG DEPLOYED,G,OCCUPANT LAP SHOULDER HARNESS USED,,NONE APPARENT,,S,,,B,PROCEEDING STRAIGHT,G,IMPAIRMENT_NOT_KNOWN,,,M,MALE,,,CA,,,,,2022.0,HONDA,,,,,,,,,,,,,,
9750063,2484640,1,Driver,True,False,,M,AIR BAG NOT DEPLOYED,G,OCCUPANT LAP SHOULDER HARNESS USED,,NONE APPARENT,,E,,,B,PROCEEDING STRAIGHT,G,IMPAIRMENT_NOT_KNOWN,,,M,MALE,,,CA,,,,,2012.0,CHEVROLET,,,,,,,,,,,,,,
9750062,2484639,2,Bicyclist,,False,,,,,,,,,N,,,B,PROCEEDING STRAIGHT,A,HAD NOT BEEN DRINKING,,,M,MALE,,,,,,,,,,,,,,,,,,,,,,,
9750061,2484639,1,Driver,True,False,,,,,,,,,W,,,L,ENTERING TRAFFICD,A,HAD NOT BEEN DRINKING,,,F,FEMALE,,,CA,B,BLACK,,,2019.0,VOLKSWAGEN,,,,,,,,,,,,,,
9750060,2484638,2,Driver,,False,,L,AIR BAG DEPLOYED,B,OCCUPANT UNKNOWN,,,,E,,,A,STOPPED,H,NOT APPLICABLE,,,F,FEMALE,,,CA,,,1.0,PassengerCarStationWagonJeep,2015.0,HONDA,,,,,,,,,,,,,,
9750059,2484638,1,Driver,True,False,,L,AIR BAG DEPLOYED,B,OCCUPANT UNKNOWN,,,,E,,,B,PROCEEDING STRAIGHT,H,NOT APPLICABLE,,,M,MALE,,,CA,B,BLACK,1.0,PassengerCarStationWagonJeep,2013.0,HONDA,,,,,,,,,,,,,,
9750058,2484637,2,Driver,,False,,M,AIR BAG NOT DEPLOYED,G,OCCUPANT LAP SHOULDER HARNESS USED,,NONE APPARENT,,N,,,D,MAKING RIGHT TURN,A,HAD NOT BEEN DRINKING,,,M,MALE,,,,,,1.0,PassengerCarStationWagonJeep,2009.0,TOYOTA,,,,,,,,,,,,,,
9750057,2484637,1,Bicyclist,True,False,,,,,,,NONE APPARENT,,S,,,B,PROCEEDING STRAIGHT,A,HAD NOT BEEN DRINKING,,,F,FEMALE,,,,W,WHITE,,,,,,,,,,,,,,,,,,
9750056,2484636,2,Driver,,False,,N,OTHER,B,OCCUPANT UNKNOWN,,NONE APPARENT,,W,,,B,PROCEEDING STRAIGHT,G,IMPAIRMENT_NOT_KNOWN,H,NOT APPLICABLE,M,MALE,,,CA,,,22.0,PickupsAndPanels,2008.0,FORD,,,,,,,,,,,,,,
9750055,2484636,1,Driver,True,False,,L,AIR BAG DEPLOYED,B,OCCUPANT UNKNOWN,,NONE APPARENT,,E,,,E,MAKING LEFT TURN,G,IMPAIRMENT_NOT_KNOWN,H,NOT APPLICABLE,F,FEMALE,,,,,,1.0,PassengerCarStationWagonJeep,2012.0,NISSAN,,,,,,,,,,,,,,
9750054,2484635,2,Bicyclist,,False,,,,,,,,,S,,,B,PROCEEDING STRAIGHT,H,NOT APPLICABLE,,,M,MALE,,,,,,,,,,,,,,,,,,,,,,,
9750053,2484635,1,Driver,True,False,,,,,,,INATTENTION,OTHER,E,,,C,RAN OFF ROAD,A,HAD NOT BEEN DRINKING,,,M,MALE,,,CA,,,,,2016.0,HONDA,,,,,,,,,,,,,,
9750052,2484634,3,ParkedVehicle,,False,,,,,,,,,W,,,O,PARKED,H,NOT APPLICABLE,,,,,,,,,,,,2009.0,PONTIAC,,,,,,,,,,,,,,
9750051,2484634,2,ParkedVehicle,,False,,,,,,,VC SECTION VIOLATED - 22350,,W,,,O,PARKED,H,NOT APPLICABLE,,,,,,,,,,,,1998.0,DODGE,,,,,,,,,,,,,,
9750050,2484634,1,Driver,True,False,,L,AIR BAG DEPLOYED,W,MOTOR BICYCLE DRIVER WITH HELMET,CELL PHONE NOT IN USE,NONE APPARENT,,W,,,B,PROCEEDING STRAIGHT,A,HAD NOT BEEN DRINKING,,,F,FEMALE,,,CA,W,WHITE,,,2023.0,AUDI,,,,,,,,,,,,,,
9750004,2484610,2,Driver,,False,,,,,,CELL PHONE NOT IN USE,NONE APPARENT,,E,,,B,PROCEEDING STRAIGHT,A,HAD NOT BEEN DRINKING,,,M,MALE,,C,CA,A,ASIAN,1.0,PassengerCarStationWagonJeep,2011.0,TOYOTA,,,,,,,,,,,,,,
9750003,2484610,1,Driver,True,False,,,,,,CELL PHONE USE UNKNOWN,NONE APPARENT,,E,,,J,CHANGING LANES,G,IMPAIRMENT_NOT_KNOWN,,,,,,,,,,1.0,PassengerCarStationWagonJeep,,HONDA,,,,,,,,,,,,,,
9749920,2484570,3,ParkedVehicle,,False,,,,,,,NONE APPARENT,,,,,O,PARKED,H,NOT APPLICABLE,,,,,,,,,,,,2014.0,VOLKSWAGEN,,,,,,,,,,,,,,
9749919,2484570,2,ParkedVehicle,,False,,,,,,,NONE APPARENT,,,,,O,PARKED,H,NOT APPLICABLE,,,,,,,,,,,,2009.0,VOLKSWAGEN,,,,,,,,,,,,,,