PartyId,CollisionId,PartyNumber,PartyType,IsAtFault,IsOnDutyEmergencyVehicle,IsHitAndRun,AirbagCode,AirbagDescription,SafetyEquipmentCode,SafetyEquipmentDescription,Special Information,Other Associate Factor,Inattention,DirectionOfTravel,StreetOrHighwayName,SpeedLimit,MovementPrecCollCode,MovementPrecCollDescription,SobrietyDrugPhysicalCode1,SobrietyDrugPhysicalDescription1,SobrietyDrugPhysicalCode2,SobrietyDrugPhysicalDescription2,GenderCode,GenderDescription,StatedAge,DriverLicenseClass,DriverLicenseStateCode,RaceCode,RaceDesc,Vehicle1TypeId, Vehicle1TypeDesc, Vehicle1Year,Vehicle1Make,Vehicle1Model,Vehicle1Color,V1IsVehicleTowed,Vehicle2TypeId, Vehicle2TypeDesc, Vehicle2Year,Vehicle2Make,Vehicle2Model,Vehicle2Color,V2IsVehicleTowed,Lane,ThruLanes,TotalLanes,IsDREConducted
9786724,2502854,1,Driver,True,False,,M,AIR BAG NOT DEPLOYED,G,OCCUPANT LAP SHOULDER HARNESS USED,,NONE APPARENT,,W,,,L,ENTERING TRAFFICD,A,HAD NOT BEEN DRINKING,,,M,MALE,,,CA,H,HISPANIC,,,2019.0,HONDA,,,,,,,,,,,,,,
9786723,2502853,2,Driver,,False,,L,AIR BAG DEPLOYED,G,OCCUPANT LAP SHOULDER HARNESS USED,CELL PHONE NOT IN USE,NONE APPARENT,,W,,,B,PROCEEDING STRAIGHT,A,HAD NOT BEEN DRINKING,,,M,MALE,,,CA,W,WHITE,,,2014.0,FORD,,,,,,,,,,,,,,
9786722,2502853,1,Driver,True,False,,M,AIR BAG NOT DEPLOYED,G,OCCUPANT LAP SHOULDER HARNESS USED,CELL PHONE NOT IN USE,NONE APPARENT,,S,,,E,MAKING LEFT TURN,A,HAD NOT BEEN DRINKING,,,F,FEMALE,,,CA,,,,,2014.0,TOYOTA,,,,,,,,,,,,,,
9786721,2502852,2,Driver,,False,,M,AIR BAG NOT DEPLOYED,G,OCCUPANT LAP SHOULDER HARNESS USED,CELL PHONE NOT IN USE,NONE APPARENT,,E,,,A,STOPPED,A,HAD NOT BEEN DRINKING,,,M,MALE,,,CA,H,HISPANIC,2.0,Motorcycle,2018.0,HONDA,,,,,,,,,,,,,,
9786720,2502852,1,Driver,True,False,,B,UNKNOWN,,,,VC SECTION VIOLATED - 20001,,S,,,D,MAKING RIGHT TURN,G,IMPAIRMENT_NOT_KNOWN,,,,,,,,,,2.0,Motorcycle,2006.0,MITSUBISHI,,,,,,,,,,,,,,
9786719,2502851,2,ParkedVehicle,,False,,,,,,,NONE APPARENT,,,,,O,PARKED,H,NOT APPLICABLE,,,,,,,,,,,,2014.0,LWX,,,,,,,,,,,,,,
9786718,2502851,1,Driver,True,False,,L,AIR BAG DEPLOYED,G,OCCUPANT LAP SHOULDER HARNESS USED,,OTHER,,E,,,B,PROCEEDING STRAIGHT,G,IMPAIRMENT_NOT_KNOWN,,,M,MALE,,,CA,B,BLACK,,,2003.0,MERCEDES-BENZ,,,,,,,,,,,,,,
9786717,2502849,2,Driver,,False,,L,AIR BAG DEPLOYED,G,OCCUPANT LAP SHOULDER HARNESS USED,,NONE APPARENT,,N,,,B,PROCEEDING STRAIGHT,A,HAD NOT BEEN DRINKING,,,F,FEMALE,,,CA,H,HISPANIC,,,2018.0,TOYOTA,,,,,,,,,,,,,,
9786716,2502850,2,Driver,,False,,,,,,,INATTENTION,OTHER,W,,,B,PROCEEDING STRAIGHT,A,HAD NOT BEEN DRINKING,,,F,FEMALE,,,CA,O,OTHER,,,2018.0,CHEVROLET,,,,,,,,,,,,,,
9786715,2502849,1,Driver,True,False,,L,AIR BAG DEPLOYED,G,OCCUPANT LAP SHOULDER HARNESS USED,,NONE APPARENT,,N,,,B,PROCEEDING STRAIGHT,A,HAD NOT BEEN DRINKING,,,F,FEMALE,,,CA,H,HISPANIC,,,2017.0,NISSAN,,,,,,,,,,,,,,
9786714,2502850,1,Pedestrian,True,False,,,,,,,INATTENTION,OTHER,S,,,B,PROCEEDING STRAIGHT,A,HAD NOT BEEN DRINKING,,,M,MALE,,,,H,HISPANIC,60.0,Pedestrian,,,,,,,,,,,,,,,,
9786713,2502848,2,Driver,,False,,M,AIR BAG NOT DEPLOYED,G,OCCUPANT LAP SHOULDER HARNESS USED,,NONE APPARENT,,N,,,A,STOPPED,A,HAD NOT BEEN DRINKING,,,F,FEMALE,,,CA,A,ASIAN,,,2019.0,TOYOTA,,,,,,,,,,,,,,
9786712,2502848,1,Driver,True,False,,M,AIR BAG NOT DEPLOYED,G,OCCUPANT LAP SHOULDER HARNESS USED,,NONE APPARENT,,N,,,B,PROCEEDING STRAIGHT,A,HAD NOT BEEN DRINKING,,,F,FEMALE,,,CA,,,,,2022.0,,,,,,,,,,,,,,,
9786711,2502847,2,Driver,,False,,M,AIR BAG NOT DEPLOYED,G,OCCUPANT LAP SHOULDER HARNESS USED,CELL PHONE NOT IN USE,NONE APPARENT,,E,,,B,PROCEEDING STRAIGHT,C,HBD-NOT UNDER INFLUENCE,,,F,FEMALE,,,CA,,,1.0,PassengerCarStationWagonJeep,2022.0,TOYOTA,,,,,,,,,,,,,,
9786710,2502847,1,Driver,,False,,L,AIR BAG DEPLOYED,G,OCCUPANT LAP SHOULDER HARNESS USED,CELL PHONE NOT IN USE,NONE APPARENT,,E,,,A,STOPPED,C,HBD-NOT UNDER INFLUENCE,,,F,FEMALE,,,CA,W,WHITE,1.0,PassengerCarStationWagonJeep,1995.0,JEEP,,,,,,,,,,,,,,
9786709,2502846,2,Driver,,False,,M,AIR BAG NOT DEPLOYED,G,OCCUPANT LAP SHOULDER HARNESS USED,,STOP & GO TRAFFIC,,W,,,A,STOPPED,H,NOT APPLICABLE,,,M,MALE,,,CA,,,,,2017.0,HYUNDAI,,,,,,,,,,,,,,
9786708,2502846,1,Driver,True,False,,,,,,CELL PHONE HANDHELD IN USE,STOP & GO TRAFFIC,,E,,,B,PROCEEDING STRAIGHT,H,NOT APPLICABLE,,,M,MALE,,,CA,W,WHITE,,,2006.0,HYUN,,,,,,,,,,,,,,
9786707,2502845,2,Driver,,False,,L,AIR BAG DEPLOYED,W,MOTOR BICYCLE DRIVER WITH HELMET,,PREVIOUS COLLISION / NONE APPARENT,,E,,,B,PROCEEDING STRAIGHT,H,NOT APPLICABLE,,,M,MALE,,,CA,A,ASIAN,,,2022.0,FORD,,,,,,,,,,,,,,
9786706,2502845,1,Driver,True,False,,M,AIR BAG NOT DEPLOYED,W,MOTOR BICYCLE DRIVER WITH HELMET,,PREVIOUS COLLISION / NONE APPARENT,,N,,,B,PROCEEDING STRAIGHT,H,NOT APPLICABLE,,,M,MALE,,,CA,O,OTHER,,,2022.0,TESLA,,,,,,,,,,,,,,
9786705,2502844,2,Driver,,False,,M,AIR BAG NOT DEPLOYED,G,OCCUPANT LAP SHOULDER HARNESS USED,,NONE APPARENT,,S,,,B,PROCEEDING STRAIGHT,A,HAD NOT BEEN DRINKING,,,M,MALE,,,CA,H,HISPANIC,,,2019.0,JEEP,,,,,,,,,,,,,,
9786704,2502844,1,Driver,True,False,,L,AIR BAG DEPLOYED,G,OCCUPANT LAP SHOULDER HARNESS USED,,NONE APPARENT,,N,,,E,MAKING LEFT TURN,A,HAD NOT BEEN DRINKING,,,M,MALE,,,CA,W,WHITE,,,2015.0,BMW,,,,,,,,,,,,,,
9786703,2502843,1,Driver,True,False,,L,AIR BAG DEPLOYED,G,OCCUPANT LAP SHOULDER HARNESS USED,CELL PHONE NOT IN USE,VC SECTION VIOLATED - 21651 B / NONE APPARENT,,W,,,Q,TRAVELLING WRONG WAY,A,HAD NOT BEEN DRINKING,,,M,MALE,,,CA,H,HISPANIC,,,2020.0,HONDA,,,,,,,,,,,,,,
9786702,2502842,3,ParkedVehicle,,False,,,,,,,,,,,,,,,,,,,,,,,,,,,2012.0,CHEVROLETCHEV,,,,,,,,,,,,,,
9786701,2502842,2,Driver,,False,,L,AIR BAG DEPLOYED,G,OCCUPANT LAP SHOULDER HARNESS USED,CELL PHONE NOT IN USE,,,N,,,B,PROCEEDING STRAIGHT,A,HAD NOT BEEN DRINKING,,,F,FEMALE,,,CA,W,WHITE,,,2018.0,TOYOTA,,,,,,,,,,,,,,
9786700,2502842,1,Driver,,False,,M,AIR BAG NOT DEPLOYED,G,OCCUPANT LAP SHOULDER HARNESS USED,CELL PHONE NOT IN USE,,,E,,,B,PROCEEDING STRAIGHT,A,HAD NOT BEEN DRINKING,,,M,MALE,,,CA,H,HISPANIC,,,2005.0,FORD,,,,,,,,,,,,,,
9786699,2502841,2,Bicyclist,,False,,,,,,CELL PHONE NOT IN USE,,,N,,,B,PROCEEDING STRAIGHT,A,HAD NOT BEEN DRINKING,,,F,FEMALE,,,,,,4.0,Bicycle,,,,,,,,,,,,,,,,
9786698,2502841,1,Driver,True,False,,M,AIR BAG NOT DEPLOYED,C,OCCUPANT LAP BELT USED,CELL PHONE NOT IN USE,,,N,,,L,ENTERING TRAFFICD,A,HAD NOT BEEN DRINKING,,,F,FEMALE,,,CA,H,HISPANIC,,,1999.0,TOYOTA,,,,,,,,,,,,,,
9786697,2502840,2,Driver,,False,,M,AIR BAG NOT DEPLOYED,G,OCCUPANT LAP SHOULDER HARNESS USED,,NONE APPARENT,,W,,,B,PROCEEDING STRAIGHT,A,HAD NOT BEEN DRINKING,,,M,MALE,,,CA,W,WHITE,,,2011.0,HONDA,,,,,,,,,,,,,,
9786696,2502840,1,Driver,True,False,,L,AIR BAG DEPLOYED,G,OCCUPANT LAP SHOULDER HARNESS USED,,NONE APPARENT,,S,,,B,PROCEEDING STRAIGHT,A,HAD NOT BEEN DRINKING,,,F,FEMALE,,,CA,O,OTHER,,,2022.0,HONDA,,,,,,,,,,,,,,
9786695,2502839,2,Driver,,False,,M,AIR BAG NOT DEPLOYED,B,OCCUPANT UNKNOWN,,VC SECTION VIOLATED - 12500 A,,E,,,E,MAKING LEFT TURN,A,HAD NOT BEEN DRINKING,,,F,FEMALE,,,,H,HISPANIC,,,2023.0,COLKS,,,,,,,,,,,,,,
9786694,2502839,1,Driver,,False,,M,AIR BAG NOT DEPLOYED,G,OCCUPANT LAP SHOULDER HARNESS USED,,NONE APPARENT,,E,,,B,PROCEEDING STRAIGHT,A,HAD NOT BEEN DRINKING,,,F,FEMALE,,,CA,H,HISPANIC,,,2018.0,TOYOTA,,,,,,,,,,,,,,
9786693,2502838,2,Driver,,False,,,,,,CELL PHONE NOT IN USE,,,W,,,B,PROCEEDING STRAIGHT,A,HAD NOT BEEN DRINKING,,,F,FEMALE,,,CA,A,ASIAN,,,2014.0,TOYOTA,,,,,,,,,,,,,,
9786692,2502838,1,Driver,True,False,,M,AIR BAG NOT DEPLOYED,G,OCCUPANT LAP SHOULDER HARNESS USED,CELL PHONE NOT IN USE,,,N,,,E,MAKING LEFT TURN,A,HAD NOT BEEN DRINKING,,,F,FEMALE,,,CA,W,WHITE,,,2019.0,NISSAN,,,,,,,,,,,,,,
9786691,2502837,2,Driver,,False,,L,AIR BAG DEPLOYED,G,OCCUPANT LAP SHOULDER HARNESS USED,,,,E,,,F,MAKING U TURN,A,HAD NOT BEEN DRINKING,,,F,FEMALE,,,CA,,,,,2019.0,TOYOTA,,,,,,,,,,,,,,
9786690,2502837,1,Driver,True,False,,L,AIR BAG DEPLOYED,G,OCCUPANT LAP SHOULDER HARNESS USED,,,,W,,,B,PROCEEDING STRAIGHT,A,HAD NOT BEEN DRINKING,,,M,MALE,,,CA,H,HISPANIC,,,2007.0,TOYOTA,,,,,,,,,,,,,,
9786689,2502836,1,Driver,True,False,,P,NOT REQUIRED,A,OCCUPANT NONE IN VEHICLE,CELL PHONE NOT IN USE,NONE APPARENT,,W,,,E,MAKING LEFT TURN,A,HAD NOT BEEN DRINKING,,,M,MALE,,,CA,W,WHITE,,,,SUZUKI,,,,,,,,,,,,,,
9786688,2502835,2,Driver,,False,,M,AIR BAG NOT DEPLOYED,G,OCCUPANT LAP SHOULDER HARNESS USED,,,,N,,,B,PROCEEDING STRAIGHT,A,HAD NOT BEEN DRINKING,,,F,FEMALE,,,CA,H,HISPANIC,,,2016.0,DODGE,,,,,,,,,,,,,,
9786687,2502835,1,Pedestrian,True,False,,,,,,,,,W,,,B,PROCEEDING STRAIGHT,A,HAD NOT BEEN DRINKING,,,M,MALE,,,,H,HISPANIC,60.0,Pedestrian,,,,,,,,,,,,,,,,
9786686,2502834,1,Driver,True,False,,M,AIR BAG NOT DEPLOYED,G,OCCUPANT LAP SHOULDER HARNESS USED,CELL PHONE NOT IN USE,NONE APPARENT,,S,,,B,PROCEEDING STRAIGHT,I,SLEEPY/FATIGUED,,,M,MALE,,,CA,H,HISPANIC,,,2018.0,HONDA,,,,,,,,,,,,,,
9786685,2502833,2,Pedestrian,,False,,,,,,CELL PHONE NOT IN USE,,,,,,R,OTHER,A,HAD NOT BEEN DRINKING,,,M,MALE,,,,A,ASIAN,60.0,Pedestrian,,,,,,,,,,,,,,,,
9786684,2502833,1,Driver,,False,,M,AIR BAG NOT DEPLOYED,G,OCCUPANT LAP SHOULDER HARNESS USED,CELL PHONE NOT IN USE,NONE APPARENT,,N,,,G,BACKING,A,HAD NOT BEEN DRINKING,,,F,FEMALE,,,CA,,,,,2001.0,MERCEDES-BENZ,,,,,,,,,,,,,,
9786683,2502832,2,Driver,,False,,L,AIR BAG DEPLOYED,G,OCCUPANT LAP SHOULDER HARNESS USED,,NONE APPARENT,,W,,,B,PROCEEDING STRAIGHT,G,IMPAIRMENT_NOT_KNOWN,,,M,MALE,,,CA,O,OTHER,,,2023.0,TESLA,,,,,,,,,,,,,,
9786682,2502832,1,Driver,True,False,,L,AIR BAG DEPLOYED,G,OCCUPANT LAP SHOULDER HARNESS USED,,NONE APPARENT,,N,,,B,PROCEEDING STRAIGHT,G,IMPAIRMENT_NOT_KNOWN,,,M,MALE,,,CA,O,OTHER,,,2009.0,TERBERG,,,,,,,,,,,,,,
9786681,2502831,2,Driver,,False,,M,AIR BAG NOT DEPLOYED,G,OCCUPANT LAP SHOULDER HARNESS USED,,,,N,,,B,PROCEEDING STRAIGHT,H,NOT APPLICABLE,,,M,MALE,,,CA,A,ASIAN,,,1999.0,TOYOTA,,,,,,,,,,,,,,
9786680,2502831,1,Driver,True,False,,M,AIR BAG NOT DEPLOYED,G,OCCUPANT LAP SHOULDER HARNESS USED,,VISION OBSCUREMENT,,E,,,B,PROCEEDING STRAIGHT,H,NOT APPLICABLE,,,F,FEMALE,,,CA,B,BLACK,,,2011.0,HONDA,,,,,,,,,,,,,,
9786679,2502830,2,ParkedVehicle,,False,,,,,,,NONE APPARENT,,,,,A,STOPPED,H,NOT APPLICABLE,,,,,,,,,,,,2018.0,LAND ROVER,,,,,,,,,,,,,,
9786678,2502830,1,Driver,True,False,,L,AIR BAG DEPLOYED,E,OCCUPANT SHOULDER HARNESS USED,,VC SECTION VIOLATED - 12500 / NONE APPARENT,,S,,,B,PROCEEDING STRAIGHT,I,SLEEPY/FATIGUED,,,F,FEMALE,,,CA,H,HISPANIC,,,2016.0,FORD,,,,,,,,,,,,,,
9786677,2502829,3,Driver,,False,,L,AIR BAG DEPLOYED,C,OCCUPANT LAP BELT USED,,NONE APPARENT,,W,,,B,PROCEEDING STRAIGHT,A,HAD NOT BEEN DRINKING,,,M,MALE,,,CA,W,WHITE,,,2014.0,SUBARU,,,,,,,,,,,,,,
9786676,2502829,2,Driver,,False,,B,UNKNOWN,C,OCCUPANT LAP BELT USED,,NONE APPARENT,,W,,,B,PROCEEDING STRAIGHT,A,HAD NOT BEEN DRINKING,,,F,FEMALE,,,CA,H,HISPANIC,,,2011.0,HONDA,,,,,,,,,,,,,,
9786675,2502829,1,Driver,True,False,,L,AIR BAG DEPLOYED,B,OCCUPANT UNKNOWN,,NONE APPARENT,,N,,,B,PROCEEDING STRAIGHT,G,IMPAIRMENT_NOT_KNOWN,,,F,FEMALE,,,,W,WHITE,,,2020.0,HYUNDAI,,,,,,,,,,,,,,
9786674,2502828,2,Driver,,False,,M,AIR BAG NOT DEPLOYED,G,OCCUPANT LAP SHOULDER HARNESS USED,CELL PHONE NOT IN USE,NONE APPARENT,,E,,,B,PROCEEDING STRAIGHT,A,HAD NOT BEEN DRINKING,,,F,FEMALE,,,CA,H,HISPANIC,,,2016.0,MERCEDES-BENZ,,,,,,,,,,,,,,
9786673,2502828,1,Driver,True,False,,M,AIR BAG NOT DEPLOYED,G,OCCUPANT LAP SHOULDER HARNESS USED,CELL PHONE NOT IN USE,NONE APPARENT,,E,,,L,ENTERING TRAFFICD,A,HAD NOT BEEN DRINKING,,,M,MALE,,,CA,H,HISPANIC,,,2011.0,JEEP,,,,,,,,,,,,,,
9786672,2502827,5,ParkedVehicle,,False,,,,,,,NONE APPARENT,,,,,O,PARKED,H,NOT APPLICABLE,,,,,,,,,,1.0,PassengerCarStationWagonJeep,2017.0,TOYOTA,,,,,,,,,,,,,,
9786671,2502827,4,ParkedVehicle,,False,,,,,,,NONE APPARENT,,,,,O,PARKED,H,NOT APPLICABLE,,,,,,,,,,1.0,PassengerCarStationWagonJeep,2006.0,HONDA,,,,,,,,,,,,,,
9786670,2502827,3,ParkedVehicle,,False,,,,,,,NONE APPARENT,,,,,O,PARKED,H,NOT APPLICABLE,,,,,,,,,,1.0,PassengerCarStationWagonJeep,2004.0,ACURA,,,,,,,,,,,,,,
9786669,2502827,2,ParkedVehicle,,False,,,,,,,NONE APPARENT,,,,,O,PARKED,H,NOT APPLICABLE,,,,,,,,,,1.0,PassengerCarStationWagonJeep,2013.0,VOLKSWAGEN,,,,,,,,,,,,,,
9786668,2502827,1,Driver,True,False,,L,AIR BAG DEPLOYED,G,OCCUPANT LAP SHOULDER HARNESS USED,,VC SECTION VIOLATED - 12500 A,,N,,,B,PROCEEDING STRAIGHT,H,NOT APPLICABLE,,,M,MALE,,,,H,HISPANIC,1.0,PassengerCarStationWagonJeep,2008.0,DODGE,,,,,,,,,,,,,,
9786667,2502826,2,Driver,,False,,M,AIR BAG NOT DEPLOYED,G,OCCUPANT LAP SHOULDER HARNESS USED,,NONE APPARENT,,E,,,B,PROCEEDING STRAIGHT,A,HAD NOT BEEN DRINKING,,,M,MALE,,,CA,,,,,2005.0,SCION,,,,,,,,,,,,,,
9786666,2502826,1,Bicyclist,True,False,,,,,,,NONE APPARENT,,S,,,B,PROCEEDING STRAIGHT,A,HAD NOT BEEN DRINKING,,,M,MALE,,,,H,HISPANIC,4.0,Bicycle,,,,,,,,,,,,,,,,
9786665,2502825,2,Driver,,False,,L,AIR BAG DEPLOYED,G,OCCUPANT LAP SHOULDER HARNESS USED,,,,E,,,B,PROCEEDING STRAIGHT,A,HAD NOT BEEN DRINKING,,,F,FEMALE,,,CA,H,HISPANIC,,,2010.0,MAZDA,,,,,,,,,,,,,,
9786664,2502825,1,Driver,True,False,,,,,,,,,W,,,E,MAKING LEFT TURN,G,IMPAIRMENT_NOT_KNOWN,,,M,MALE,,,,H,HISPANIC,,,2005.0,NISSAN,,,,,,,,,,,,,,
9786328,2502661,2,Driver,,False,,M,AIR BAG NOT DEPLOYED,G,OCCUPANT LAP SHOULDER HARNESS USED,,OTHER,,E,,,B,PROCEEDING STRAIGHT,H,NOT APPLICABLE,,,M,MALE,,,,W,WHITE,1.0,PassengerCarStationWagonJeep,2019.0,VOLKSWAGEN,,,,,,,,,,,,,,
9786327,2502661,1,Driver,True,False,,L,AIR BAG DEPLOYED,G,OCCUPANT LAP SHOULDER HARNESS USED,,OTHER,,N,,,E,MAKING LEFT TURN,H,NOT APPLICABLE,,,F,FEMALE,,,CA,O,OTHER,1.0,PassengerCarStationWagonJeep,2017.0,KIA,,,,,,,,,,,,,,
9786322,2502658,2,Driver,,False,,L,AIR BAG DEPLOYED,G,OCCUPANT LAP SHOULDER HARNESS USED,CELL PHONE NOT IN USE,NONE APPARENT,,W,,,E,MAKING LEFT TURN,A,HAD NOT BEEN DRINKING,,,F,FEMALE,,,CA,O,OTHER,1.0,PassengerCarStationWagonJeep,2014.0,TOYOTA,,,,,,,,,,,,,,
9786321,2502658,1,Driver,True,False,,L,AIR BAG DEPLOYED,G,OCCUPANT LAP SHOULDER HARNESS USED,CELL PHONE NOT IN USE,NONE APPARENT,,S,,,B,PROCEEDING STRAIGHT,A,HAD NOT BEEN DRINKING,,,M,MALE,,,CA,H,HISPANIC,1.0,PassengerCarStationWagonJeep,2023.0,SUBARU,,,,,,,,,,,,,,
9786320,2502657,2,Driver,,False,,,,,,CELL PHONE NOT IN USE,RUNAWAY VEHICLE,,S,,,D,MAKING RIGHT TURN,A,HAD NOT BEEN DRINKING,,,F,FEMALE,,,CA,H,HISPANIC,1.0,PassengerCarStationWagonJeep,1990.0,TOYOTA,,,,,,,,,,,,,,
9786319,2502657,1,Driver,True,False,,M,AIR BAG NOT DEPLOYED,G,OCCUPANT LAP SHOULDER HARNESS USED,CELL PHONE NOT IN USE,RUNAWAY VEHICLE,,S,,,A,STOPPED,A,HAD NOT BEEN DRINKING,,,M,MALE,,,CA,O,OTHER,8.0,MiniVan,2022.0,TOYOTA,,,,,,,,,,,,,,
9786259,2502623,2,Bicyclist,,False,,,,,,,,,E,,,A,STOPPED,,,,,M,MALE,,,,W,WHITE,4.0,Bicycle,,,,,,,,,,,,,,,,
9786258,2502623,1,Driver,,False,,,,,,,,,S,,,A,STOPPED,,,,,,,,,,,,,,2022.0,TOYOTA,,,,,,,,,,,,,,
9786255,2502621,1,Driver,True,False,,M,AIR BAG NOT DEPLOYED,B,OCCUPANT UNKNOWN,,NONE APPARENT,,E,,,C,RAN OFF ROAD,B,HBD-UNDER INFLUENCE,,,M,MALE,,,CA,W,WHITE,,,1988.0,TOYOTA,,,,,,,,,,,,,,
9786254,2502620,2,Driver,,False,,M,AIR BAG NOT DEPLOYED,E,OCCUPANT SHOULDER HARNESS USED,CELL PHONE NOT IN USE,NONE APPARENT,,E,,,B,PROCEEDING STRAIGHT,H,NOT APPLICABLE,,,M,MALE,,,CA,H,HISPANIC,,,2021.0,HYUNDAI,,,,,,,,,,,,,,
9786253,2502620,1,Driver,True,False,,M,AIR BAG NOT DEPLOYED,E,OCCUPANT SHOULDER HARNESS USED,CELL PHONE NOT IN USE,VISION OBSCUREMENT,,E,,,G,BACKING,H,NOT APPLICABLE,,,M,MALE,,,CA,H,HISPANIC,,,2010.0,TOYOTA,,,,,,,,,,,,,,
9786252,2502619,2,Driver,,False,,M,AIR BAG NOT DEPLOYED,G,OCCUPANT LAP SHOULDER HARNESS USED,,NONE APPARENT,,N,,,B,PROCEEDING STRAIGHT,A,HAD NOT BEEN DRINKING,,,F,FEMALE,,,CA,,,,,2018.0,TESLA,,,,,,,,,,,,,,
9786251,2502619,1,Driver,True,False,,L,AIR BAG DEPLOYED,G,OCCUPANT LAP SHOULDER HARNESS USED,,INATTENTION,OTHER,N,,,B,PROCEEDING STRAIGHT,A,HAD NOT BEEN DRINKING,,,F,FEMALE,,,CA,H,HISPANIC,,,2015.0,TOYOTA,,,,,,,,,,,,,,
9786250,2502618,1,Driver,True,False,,L,AIR BAG DEPLOYED,G,OCCUPANT LAP SHOULDER HARNESS USED,,NONE APPARENT,,E,,,C,RAN OFF ROAD,G,IMPAIRMENT_NOT_KNOWN,,,M,MALE,,,CA,,,,,2001.0,HONDA,,,,,,,,,,,,,,
9786249,2502617,2,Driver,,False,,,,,,,,,W,,,B,PROCEEDING STRAIGHT,A,HAD NOT BEEN DRINKING,,,F,FEMALE,,,CA,,,,,2019.0,HONDA,,,,,,,,,,,,,,
9786248,2502617,1,Pedestrian,True,False,,,,,,,,,N,,,R,OTHER,B,HBD-UNDER INFLUENCE,,,M,MALE,,,,W,WHITE,60.0,Pedestrian,,,,,,,,,,,,,,,,
9786247,2502616,1,Driver,True,False,,L,AIR BAG DEPLOYED,C,OCCUPANT LAP BELT USED,,NONE APPARENT,,N,,,B,PROCEEDING STRAIGHT,H,NOT APPLICABLE,,,M,MALE,,,CA,W,WHITE,,,2001.0,ACURA,,,,,,,,,,,,,,
9786246,2502615,2,Driver,,False,,L,AIR BAG DEPLOYED,C,OCCUPANT LAP BELT USED,,NONE APPARENT,,E,,,B,PROCEEDING STRAIGHT,G,IMPAIRMENT_NOT_KNOWN,,,F,FEMALE,,,CA,,,,,2012.0,TOYOTA,,,,,,,,,,,,,,
9786245,2502615,1,Driver,True,False,,L,AIR BAG DEPLOYED,B,OCCUPANT UNKNOWN,,NONE APPARENT,,N,,,B,PROCEEDING STRAIGHT,G,IMPAIRMENT_NOT_KNOWN,,,M,MALE,,,CA,B,BLACK,,,1998.0,LEXUS,,,,,,,,,,,,,,
9786244,2502614,2,Driver,,False,,L,AIR BAG DEPLOYED,G,OCCUPANT LAP SHOULDER HARNESS USED,,NONE APPARENT,,E,,,B,PROCEEDING STRAIGHT,A,HAD NOT BEEN DRINKING,,,M,MALE,,,CA,H,HISPANIC,,,2005.0,TOYOTA,,,,,,,,,,,,,,
9786243,2502614,1,Driver,True,False,,L,AIR BAG DEPLOYED,G,OCCUPANT LAP SHOULDER HARNESS USED,,NONE APPARENT,,N,,,B,PROCEEDING STRAIGHT,B,HBD-UNDER INFLUENCE,,,M,MALE,,,CA,H,HISPANIC,,,2007.0,SCION,,,,,,,,,,,,,,
9786242,2502613,2,Driver,,False,,M,AIR BAG NOT DEPLOYED,G,OCCUPANT LAP SHOULDER HARNESS USED,,NONE APPARENT,,S,,,B,PROCEEDING STRAIGHT,A,HAD NOT BEEN DRINKING,,,M,MALE,,,,H,HISPANIC,,,2014.0,HONDA,,,,,,,,,,,,,,
9786241,2502613,1,Driver,True,False,,M,AIR BAG NOT DEPLOYED,G,OCCUPANT LAP SHOULDER HARNESS USED,,UNFAMILIAR WITH ROAD,,S,,,B,PROCEEDING STRAIGHT,A,HAD NOT BEEN DRINKING,,,F,FEMALE,,,CA,W,WHITE,,,2013.0,HYUNDAI,,,,,,,,,,,,,,
9786240,2502612,3,Bicyclist,,False,,,,,,CELL PHONE NOT IN USE,NONE APPARENT,,W,,,B,PROCEEDING STRAIGHT,C,HBD-NOT UNDER INFLUENCE,,,M,MALE,,,,W,WHITE,4.0,Bicycle,,,,,,,,,,,,,,,,
9786239,2502612,2,Bicyclist,,False,,,,,,CELL PHONE NOT IN USE,NONE APPARENT,,W,,,B,PROCEEDING STRAIGHT,C,HBD-NOT UNDER INFLUENCE,,,M,MALE,,,,W,WHITE,4.0,Bicycle,,,,,,,,,,,,,,,,
9786238,2502612,1,Driver,True,False,,M,AIR BAG NOT DEPLOYED,C,OCCUPANT LAP BELT USED,CELL PHONE NOT IN USE,NONE APPARENT,,W,,,D,MAKING RIGHT TURN,C,HBD-NOT UNDER INFLUENCE,,,M,MALE,,,CA,,,,,2017.0,TOYOTA,,,,,,,,,,,,,,
9786237,2502611,2,Driver,,False,,L,AIR BAG DEPLOYED,B,OCCUPANT UNKNOWN,,,,W,,,B,PROCEEDING STRAIGHT,A,HAD NOT BEEN DRINKING,,,M,MALE,,,CA,W,WHITE,,,2017.0,SUBARU,,,,,,,,,,,,,,
9786236,2502611,1,Driver,True,False,,M,AIR BAG NOT DEPLOYED,B,OCCUPANT UNKNOWN,,VC SECTION VIOLATED - 16028 A,,S,,,D,MAKING RIGHT TURN,A,HAD NOT BEEN DRINKING,,,M,MALE,,,CA,H,HISPANIC,,,2002.0,HONDA,,,,,,,,,,,,,,
9786235,2502610,2,Other,,False,,,,P,NOT REQUIRED,CELL PHONE NOT IN USE,NONE APPARENT,,N,,,B,PROCEEDING STRAIGHT,A,HAD NOT BEEN DRINKING,,,M,MALE,,,,H,HISPANIC,94.0,GoPedZipElectricScooterAndMotorboard,,,,,,,,,,,,,,,,
9786234,2502610,1,Driver,True,False,,M,AIR BAG NOT DEPLOYED,C,OCCUPANT LAP BELT USED,CELL PHONE NOT IN USE,NONE APPARENT,,E,,,E,MAKING LEFT TURN,A,HAD NOT BEEN DRINKING,,,F,FEMALE,,,CA,H,HISPANIC,,,2014.0,NISSAN,,,,,,,,,,,,,,
9786186,2502586,2,Driver,,False,,L,AIR BAG DEPLOYED,G,OCCUPANT LAP SHOULDER HARNESS USED,,,,W,,,,,,,,,F,FEMALE,,,CA,,,,,2018.0,TESLA,,,,,,,,,,,,,,
9786185,2502586,1,Driver,True,False,,L,AIR BAG DEPLOYED,G,OCCUPANT LAP SHOULDER HARNESS USED,,NONE APPARENT,,N,,,A,STOPPED,G,IMPAIRMENT_NOT_KNOWN,,,F,FEMALE,,,CA,,,,,2019.0,NISSAN,,,,,,,,,,,,,,