PartyId,CollisionId,PartyNumber,PartyType,IsAtFault,IsOnDutyEmergencyVehicle,IsHitAndRun,AirbagCode,AirbagDescription,SafetyEquipmentCode,SafetyEquipmentDescription,Special Information,Other Associate Factor,Inattention,DirectionOfTravel,StreetOrHighwayName,SpeedLimit,MovementPrecCollCode,MovementPrecCollDescription,SobrietyDrugPhysicalCode1,SobrietyDrugPhysicalDescription1,SobrietyDrugPhysicalCode2,SobrietyDrugPhysicalDescription2,GenderCode,GenderDescription,StatedAge,DriverLicenseClass,DriverLicenseStateCode,RaceCode,RaceDesc,Vehicle1TypeId, Vehicle1TypeDesc, Vehicle1Year,Vehicle1Make,Vehicle1Model,Vehicle1Color,V1IsVehicleTowed,Vehicle2TypeId, Vehicle2TypeDesc, Vehicle2Year,Vehicle2Make,Vehicle2Model,Vehicle2Color,V2IsVehicleTowed,Lane,ThruLanes,TotalLanes,IsDREConducted
9780980,2500004,2,Driver,,False,,M,AIR BAG NOT DEPLOYED,G,OCCUPANT LAP SHOULDER HARNESS USED,,,,N,,,H,SLOWING/STOPPING,A,HAD NOT BEEN DRINKING,,,M,MALE,,,CA,,,8.0,MiniVan,2018.0,HONDA,,,,,,,,,,,,,,
9780979,2500004,1,Pedestrian,True,False,,,,,,,,,W,,,R,OTHER,A,HAD NOT BEEN DRINKING,,,M,MALE,,,,H,HISPANIC,60.0,Pedestrian,,,,,,,,,,,,,,,,
9780975,2500002,2,Driver,,False,,B,UNKNOWN,,,,NONE APPARENT,,S,,,B,PROCEEDING STRAIGHT,H,NOT APPLICABLE,,,M,MALE,,U,,H,HISPANIC,,,2013.0,FORD,,,,,,,,,,,,,,
9780974,2500002,1,Driver,True,False,,B,UNKNOWN,C,OCCUPANT LAP BELT USED,,VC SECTION VIOLATED - 22107 / NONE APPARENT,,E,,,E,MAKING LEFT TURN,H,NOT APPLICABLE,,,F,FEMALE,,,CA,H,HISPANIC,1.0,PassengerCarStationWagonJeep,,KIA,,,,,,,,,,,,,,
9780363,2499694,2,ParkedVehicle,,False,,,,,,,,,,,,O,PARKED,H,NOT APPLICABLE,,,,,,,,,,,,2011.0,TOYOTA,,,,,,,,,,,,,,
9780362,2499694,1,Driver,True,False,,L,AIR BAG DEPLOYED,G,OCCUPANT LAP SHOULDER HARNESS USED,,,,S,,,B,PROCEEDING STRAIGHT,I,SLEEPY/FATIGUED,,,M,MALE,,,MN,B,BLACK,,,2016.0,HONDA,,,,,,,,,,,,,,
9780361,2499693,2,Driver,,False,,L,AIR BAG DEPLOYED,G,OCCUPANT LAP SHOULDER HARNESS USED,CELL PHONE NOT IN USE,NONE APPARENT,,W,,,B,PROCEEDING STRAIGHT,H,NOT APPLICABLE,,,M,MALE,,,,A,ASIAN,,,2018.0,TOYOTA,,,,,,,,,,,,,,
9780360,2499693,1,Driver,True,False,,L,AIR BAG DEPLOYED,G,OCCUPANT LAP SHOULDER HARNESS USED,CELL PHONE NOT IN USE,NONE APPARENT,,S,,,B,PROCEEDING STRAIGHT,H,NOT APPLICABLE,,,M,MALE,,,CA,A,ASIAN,,,2016.0,HYUNDAI,,,,,,,,,,,,,,
9780359,2499692,1,Driver,True,False,,L,AIR BAG DEPLOYED,G,OCCUPANT LAP SHOULDER HARNESS USED,,,,S,,,B,PROCEEDING STRAIGHT,G,IMPAIRMENT_NOT_KNOWN,,,F,FEMALE,,,CA,A,ASIAN,8.0,MiniVan,2008.0,CHRYSLER,,,,,,,,,,,,,,
9779996,2499512,2,Driver,,False,,,,,,,NONE APPARENT,,E,,,A,STOPPED,A,HAD NOT BEEN DRINKING,,,M,MALE,,C,CA,H,HISPANIC,7.0,SportUtilityVehicle,2015.0,CHEVROLET,,,,,,,,,,,,,,
9779995,2499512,1,Driver,True,False,,M,AIR BAG NOT DEPLOYED,C,OCCUPANT LAP BELT USED,,NONE APPARENT,,W,,,D,MAKING RIGHT TURN,A,HAD NOT BEEN DRINKING,,,M,MALE,,A,CA,H,HISPANIC,25.0,TruckTractor,2015.0,KENWORTH,,,,,,,,,,,,,,
9779994,2499511,2,Driver,,False,,M,AIR BAG NOT DEPLOYED,B,OCCUPANT UNKNOWN,CELL PHONE NOT IN USE,,,E,,,B,PROCEEDING STRAIGHT,A,HAD NOT BEEN DRINKING,,,M,MALE,,,CA,H,HISPANIC,22.0,PickupsAndPanels,2022.0,FORD,,,,,,,,,,,,,,
9779993,2499511,1,Driver,True,False,,M,AIR BAG NOT DEPLOYED,B,OCCUPANT UNKNOWN,CELL PHONE NOT IN USE,,,W,,,E,MAKING LEFT TURN,G,IMPAIRMENT_NOT_KNOWN,,,M,MALE,,,CA,B,BLACK,1.0,PassengerCarStationWagonJeep,2001.0,MERCEDES-BENZ,,,,,,,,,,,,,,
9779992,2499510,3,Driver,,False,,M,AIR BAG NOT DEPLOYED,G,OCCUPANT LAP SHOULDER HARNESS USED,,NONE APPARENT,,N,,,A,STOPPED,A,HAD NOT BEEN DRINKING,,,F,FEMALE,,C,CA,A,ASIAN,7.0,SportUtilityVehicle,2016.0,HONDA,,,,,,,,,,,,,,
9779991,2499510,2,Driver,,False,,M,AIR BAG NOT DEPLOYED,G,OCCUPANT LAP SHOULDER HARNESS USED,,NONE APPARENT,,N,,,A,STOPPED,A,HAD NOT BEEN DRINKING,,,M,MALE,,C,CA,H,HISPANIC,22.0,PickupsAndPanels,2001.0,CHEVROLET,,,,,,,,,,,,,,
9779990,2499510,1,Driver,True,False,,M,AIR BAG NOT DEPLOYED,G,OCCUPANT LAP SHOULDER HARNESS USED,,VC SECTION VIOLATED,,S,,,D,MAKING RIGHT TURN,B,HBD-UNDER INFLUENCE,,,M,MALE,,C,CA,H,HISPANIC,8.0,MiniVan,1999.0,GMC,,,,,,,,,,,,,,
9779775,2499404,3,ParkedVehicle,,False,,,,,,CELL PHONE NOT IN USE,,,,,,O,PARKED,H,NOT APPLICABLE,,,,,,,,,,,,1992.0,FORD,,,,,,,,,,,,,,
9779774,2499404,2,Driver,,False,,M,AIR BAG NOT DEPLOYED,G,OCCUPANT LAP SHOULDER HARNESS USED,CELL PHONE NOT IN USE,,,N,,,B,PROCEEDING STRAIGHT,G,IMPAIRMENT_NOT_KNOWN,,,M,MALE,,,,H,HISPANIC,,,2005.0,JEEP,,,,,,,,,,,,,,
9779772,2499404,1,Driver,True,False,,L,AIR BAG DEPLOYED,G,OCCUPANT LAP SHOULDER HARNESS USED,CELL PHONE NOT IN USE,,,W,,,G,BACKING,G,IMPAIRMENT_NOT_KNOWN,,,F,FEMALE,,,,H,HISPANIC,,,2008.0,MAZDA,,,,,,,,,,,,,,
9779732,2499384,2,Driver,,False,,L,AIR BAG DEPLOYED,G,OCCUPANT LAP SHOULDER HARNESS USED,,VC SECTION VIOLATED - 22350 / NONE APPARENT,,S,,,B,PROCEEDING STRAIGHT,H,NOT APPLICABLE,,,M,MALE,,C,CA,W,WHITE,1.0,PassengerCarStationWagonJeep,1997.0,TOYOTA,,,,,,,,,,,,,,
9779731,2499384,1,Driver,True,False,,M,AIR BAG NOT DEPLOYED,G,OCCUPANT LAP SHOULDER HARNESS USED,,NONE APPARENT,,S,,,D,MAKING RIGHT TURN,H,NOT APPLICABLE,,,M,MALE,,A,CA,,,25.0,TruckTractor,2012.0,,,,,,,,,,,,,,,
9778668,2498888,4,Driver,,False,,L,AIR BAG DEPLOYED,G,OCCUPANT LAP SHOULDER HARNESS USED,,NONE APPARENT,,S,,,B,PROCEEDING STRAIGHT,G,IMPAIRMENT_NOT_KNOWN,,,M,MALE,,,,H,HISPANIC,7.0,SportUtilityVehicle,1999.0,TOYOTA,,,,,,,,,,,,,,
9778667,2498888,3,Driver,,False,,L,AIR BAG DEPLOYED,G,OCCUPANT LAP SHOULDER HARNESS USED,,,,S,,,B,PROCEEDING STRAIGHT,G,IMPAIRMENT_NOT_KNOWN,,,F,FEMALE,,,CA,H,HISPANIC,7.0,SportUtilityVehicle,2020.0,HONDA,,,,,,,,,,,,,,
9778666,2498888,2,Driver,,False,,L,AIR BAG DEPLOYED,G,OCCUPANT LAP SHOULDER HARNESS USED,,,,N,,,B,PROCEEDING STRAIGHT,G,IMPAIRMENT_NOT_KNOWN,,,M,MALE,,,CA,H,HISPANIC,22.0,PickupsAndPanels,2012.0,CHEVROLET,,,,,,,,,,,,,,
9778665,2498888,1,Driver,True,False,,M,AIR BAG NOT DEPLOYED,B,OCCUPANT UNKNOWN,,,,N,,,B,PROCEEDING STRAIGHT,G,IMPAIRMENT_NOT_KNOWN,,,M,MALE,,,,H,HISPANIC,1.0,PassengerCarStationWagonJeep,2008.0,TOYOTA,,,,,,,,,,,,,,
9778662,2498886,2,Driver,,False,,M,AIR BAG NOT DEPLOYED,G,OCCUPANT LAP SHOULDER HARNESS USED,,NONE APPARENT,,E,,,B,PROCEEDING STRAIGHT,A,HAD NOT BEEN DRINKING,,,M,MALE,,,CA,H,HISPANIC,22.0,PickupsAndPanels,1991.0,NISSAN,,,,,,,,,,,,,,
9778661,2498886,1,Driver,True,False,,M,AIR BAG NOT DEPLOYED,B,OCCUPANT UNKNOWN,,NONE APPARENT,,E,,,A,STOPPED,A,HAD NOT BEEN DRINKING,,,M,MALE,,,CA,A,ASIAN,1.0,PassengerCarStationWagonJeep,2007.0,ACURA,,,,,,,,,,,,,,
9778660,2498885,2,Driver,,False,,L,AIR BAG DEPLOYED,B,OCCUPANT UNKNOWN,,,,S,,,B,PROCEEDING STRAIGHT,A,HAD NOT BEEN DRINKING,,,F,FEMALE,,C,CA,,,1.0,PassengerCarStationWagonJeep,2014.0,TOYOTA,,,,,,,,,,,,,,
9778659,2498885,1,Driver,True,False,,M,AIR BAG NOT DEPLOYED,B,OCCUPANT UNKNOWN,,,,W,,,B,PROCEEDING STRAIGHT,A,HAD NOT BEEN DRINKING,,,M,MALE,,C,CA,B,BLACK,22.0,PickupsAndPanels,2014.0,CHEVROLET,,,,,,,,,,,,,,
9778168,2498648,2,Driver,,False,,M,AIR BAG NOT DEPLOYED,C,OCCUPANT LAP BELT USED,,,,N,,,L,ENTERING TRAFFICD,A,HAD NOT BEEN DRINKING,,,M,MALE,,,CA,H,HISPANIC,,,2013.0,SCION,,,,,,,,,,,,,,
9778167,2498648,1,Driver,True,False,,M,AIR BAG NOT DEPLOYED,C,OCCUPANT LAP BELT USED,,,,N,,,B,PROCEEDING STRAIGHT,A,HAD NOT BEEN DRINKING,,,M,MALE,,,CA,H,HISPANIC,,,2004.0,TOYOTA,,,,,,,,,,,,,,
9778166,2498647,1,Driver,True,False,,L,AIR BAG DEPLOYED,G,OCCUPANT LAP SHOULDER HARNESS USED,,NONE APPARENT,,S,,,C,RAN OFF ROAD,A,HAD NOT BEEN DRINKING,,,F,FEMALE,,,CA,H,HISPANIC,,,2006.0,CHEVROLET,,,,,,,,,,,,,,
9797173,2508122,4,Driver,,False,,M,AIR BAG NOT DEPLOYED,G,OCCUPANT LAP SHOULDER HARNESS USED,CELL PHONE NOT IN USE,NONE APPARENT,,N,,,A,STOPPED,A,HAD NOT BEEN DRINKING,,,M,MALE,,B,CA,,,20.0,PublicTransitAuthority,2002.0,GILLIG (BUS),,,,,,,,,,,,,,
9797172,2508122,3,Driver,,False,,M,AIR BAG NOT DEPLOYED,G,OCCUPANT LAP SHOULDER HARNESS USED,CELL PHONE NOT IN USE,NONE APPARENT,,N,,,A,STOPPED,A,HAD NOT BEEN DRINKING,,,M,MALE,,C,CA,H,HISPANIC,1.0,PassengerCarStationWagonJeep,2014.0,CHEVROLET,,,,,,,,,,,,,,
9797171,2508122,2,Driver,,False,,L,AIR BAG DEPLOYED,G,OCCUPANT LAP SHOULDER HARNESS USED,CELL PHONE NOT IN USE,NONE APPARENT,,N,,,B,PROCEEDING STRAIGHT,A,HAD NOT BEEN DRINKING,,,F,FEMALE,,C,CA,W,WHITE,7.0,SportUtilityVehicle,2018.0,CHEVROLET,,,,,,,,,,,,,,
9797170,2508122,1,Driver,True,False,,M,AIR BAG NOT DEPLOYED,G,OCCUPANT LAP SHOULDER HARNESS USED,CELL PHONE NOT IN USE,NONE APPARENT,,N,,,A,STOPPED,A,HAD NOT BEEN DRINKING,,,F,FEMALE,,C,CA,W,WHITE,7.0,SportUtilityVehicle,2018.0,BMW,,,,,,,,,,,,,,
9797145,2508109,1,Driver,True,False,,L,AIR BAG DEPLOYED,G,OCCUPANT LAP SHOULDER HARNESS USED,CELL PHONE NOT IN USE,NONE APPARENT,,E,,,B,PROCEEDING STRAIGHT,A,HAD NOT BEEN DRINKING,,,F,FEMALE,,,CA,,,7.0,SportUtilityVehicle,2010.0,TOYOTA,,,,,,,,,,,,,,
9796626,2507859,3,ParkedVehicle,,False,,,,,,,NONE APPARENT,,,,,O,PARKED,H,NOT APPLICABLE,,,,,,,,,,,,1965.0,FORD,,,,,,,,,,,,,,
9796625,2507859,2,Driver,True,False,,L,AIR BAG DEPLOYED,G,OCCUPANT LAP SHOULDER HARNESS USED,,NONE APPARENT,,,,,G,BACKING,H,NOT APPLICABLE,,,M,MALE,,,,B,BLACK,,,2015.0,TOYOTA,,,,,,,,,,,,,,
9796624,2507859,1,Driver,,False,,M,AIR BAG NOT DEPLOYED,G,OCCUPANT LAP SHOULDER HARNESS USED,,NONE APPARENT,,N,,,B,PROCEEDING STRAIGHT,H,NOT APPLICABLE,,,M,MALE,,C,CA,,,,,2004.0,HONDA,,,,,,,,,,,,,,
9796606,2507849,2,Driver,,False,,,,,,CELL PHONE NOT IN USE,NONE APPARENT,,W,,,,,,,,,F,FEMALE,,,CA,,,7.0,SportUtilityVehicle,2021.0,HONDA,,,,,,,,,,,,,,
9796605,2507849,1,Driver,True,False,,M,AIR BAG NOT DEPLOYED,C,OCCUPANT LAP BELT USED,CELL PHONE NOT IN USE,NONE APPARENT,,E,,,,,,,,,M,MALE,,,,,,,,2024.0,VOLVO,,,,,,,,,,,,,,
9796604,2507848,2,Driver,,False,,L,AIR BAG DEPLOYED,G,OCCUPANT LAP SHOULDER HARNESS USED,,,,S,,,E,MAKING LEFT TURN,G,IMPAIRMENT_NOT_KNOWN,,,F,FEMALE,,,CA,,,1.0,PassengerCarStationWagonJeep,2005.0,INFINITI,,,,,,,,,,,,,,
9796603,2507848,1,Driver,True,False,,M,AIR BAG NOT DEPLOYED,G,OCCUPANT LAP SHOULDER HARNESS USED,,,,N,,,B,PROCEEDING STRAIGHT,G,IMPAIRMENT_NOT_KNOWN,,,M,MALE,,,,,,,,2013.0,HYUNDAI,,,,,,,,,,,,,,
9796369,2507722,2,Bicyclist,,False,,,,,,CELL PHONE NOT IN USE,VC SECTION VIOLATED / NONE APPARENT,,S,,,B,PROCEEDING STRAIGHT,A,HAD NOT BEEN DRINKING,,,M,MALE,,,,,,4.0,Bicycle,,,,,,,,,,,,,,,,
9796368,2507722,1,Driver,True,False,,L,AIR BAG DEPLOYED,G,OCCUPANT LAP SHOULDER HARNESS USED,CELL PHONE NOT IN USE,NONE APPARENT,,,,,D,MAKING RIGHT TURN,A,HAD NOT BEEN DRINKING,,,F,FEMALE,,,CA,A,ASIAN,1.0,PassengerCarStationWagonJeep,2005.0,TOYOTA,,,,,,,,,,,,,,
9796337,2507705,2,Driver,,False,,M,AIR BAG NOT DEPLOYED,G,OCCUPANT LAP SHOULDER HARNESS USED,CELL PHONE NOT IN USE,NONE APPARENT,,W,,,B,PROCEEDING STRAIGHT,A,HAD NOT BEEN DRINKING,,,F,FEMALE,,,CA,A,ASIAN,,,2007.0,TOYOTA,,,,,,,,,,,,,,
9796336,2507705,1,Driver,True,False,,M,AIR BAG NOT DEPLOYED,G,OCCUPANT LAP SHOULDER HARNESS USED,CELL PHONE NOT IN USE,NONE APPARENT,,,,,B,PROCEEDING STRAIGHT,A,HAD NOT BEEN DRINKING,,,F,FEMALE,,,,H,HISPANIC,,,2003.0,TOYOTA,,,,,,,,,,,,,,
9796113,2507589,2,Pedestrian,,False,,,,,,,NONE APPARENT,,,,,B,PROCEEDING STRAIGHT,A,HAD NOT BEEN DRINKING,,,F,FEMALE,,,,H,HISPANIC,60.0,Pedestrian,,,,,,,,,,,,,,,,
9796112,2507589,1,Driver,True,False,,M,AIR BAG NOT DEPLOYED,G,OCCUPANT LAP SHOULDER HARNESS USED,,NONE APPARENT,,E,,,B,PROCEEDING STRAIGHT,A,HAD NOT BEEN DRINKING,,,F,FEMALE,,,CA,H,HISPANIC,,,2013.0,TOYOTA,,,,,,,,,,,,,,
9792962,2506007,2,Other,,False,,,,,,,,,,,,,,H,NOT APPLICABLE,,,,,,,,,,,,,,,,,,,,,,,,,,,
9792961,2506007,1,Driver,True,True,,M,AIR BAG NOT DEPLOYED,G,OCCUPANT LAP SHOULDER HARNESS USED,CELL PHONE NOT IN USE,VISION OBSCUREMENT,,S,,,D,MAKING RIGHT TURN,A,HAD NOT BEEN DRINKING,,,M,MALE,,C,CA,H,HISPANIC,48.0,PoliceCar,2011.0,FORD,,,,,,,,,,,,,,
9805370,2512215,2,Pedestrian,,False,,,,,,,,,,,,D,MAKING RIGHT TURN,B,HBD-UNDER INFLUENCE,,,F,FEMALE,,,,O,OTHER,60.0,Pedestrian,,,,,,,,,,,,,,,,
9805369,2512215,1,Driver,,False,,,,,,,,,E,,,D,MAKING RIGHT TURN,D,HBD-IMPAIRMENT UNKNOWN,,,,,,,,,,,,,HONDA,,,,,,,,,,,,,,
9805368,2512214,2,Driver,,False,,L,AIR BAG DEPLOYED,G,OCCUPANT LAP SHOULDER HARNESS USED,,NONE APPARENT,,E,,,B,PROCEEDING STRAIGHT,A,HAD NOT BEEN DRINKING,,,M,MALE,,U,,H,HISPANIC,1.0,PassengerCarStationWagonJeep,2013.0,CHEVROLET,,,,,,,,,,,,,,
9805367,2512214,1,Driver,True,False,,L,AIR BAG DEPLOYED,G,OCCUPANT LAP SHOULDER HARNESS USED,,NONE APPARENT,,S,,,B,PROCEEDING STRAIGHT,A,HAD NOT BEEN DRINKING,,,M,MALE,,C,CA,B,BLACK,1.0,PassengerCarStationWagonJeep,2016.0,HONDA,,,,,,,,,,,,,,
9804437,2511753,3,Driver,,False,,M,AIR BAG NOT DEPLOYED,G,OCCUPANT LAP SHOULDER HARNESS USED,,,,W,,,A,STOPPED,A,HAD NOT BEEN DRINKING,,,M,MALE,,,CA,,,,,2020.0,HYUNDAI,,,,,,,,,,,,,,
9804436,2511753,2,Driver,,False,,L,AIR BAG DEPLOYED,G,OCCUPANT LAP SHOULDER HARNESS USED,,,,W,,,B,PROCEEDING STRAIGHT,A,HAD NOT BEEN DRINKING,,,F,FEMALE,,,CA,,,,,2008.0,HONDA,,,,,,,,,,,,,,
9804435,2511753,1,Driver,True,False,,M,AIR BAG NOT DEPLOYED,G,OCCUPANT LAP SHOULDER HARNESS USED,,,,S,,,E,MAKING LEFT TURN,A,HAD NOT BEEN DRINKING,,,M,MALE,,,CA,,,,,2014.0,LEXUS,,,,,,,,,,,,,,
9804434,2511752,2,Pedestrian,,False,,,,,,,,,E,,,,,,,,,F,FEMALE,,,,,,60.0,Pedestrian,,,,,,,,,,,,,,,,
9804433,2511752,1,Driver,True,False,,M,AIR BAG NOT DEPLOYED,C,OCCUPANT LAP BELT USED,HAZARDOUS MATERIAL,NONE APPARENT,,E,,,D,MAKING RIGHT TURN,A,HAD NOT BEEN DRINKING,,,M,MALE,,,CA,,,,,2017.0,FORD,,,,,,,,,,,,,,
9804432,2511751,2,Driver,,False,,M,AIR BAG NOT DEPLOYED,G,OCCUPANT LAP SHOULDER HARNESS USED,,,,N,,,A,STOPPED,A,HAD NOT BEEN DRINKING,,,F,FEMALE,,,CA,,,,,2002.0,TOYOTA,,,,,,,,,,,,,,
9804431,2511751,1,Driver,True,False,,M,AIR BAG NOT DEPLOYED,G,OCCUPANT LAP SHOULDER HARNESS USED,,,,N,,,B,PROCEEDING STRAIGHT,A,HAD NOT BEEN DRINKING,,,M,MALE,,,CA,,,,,2009.0,HONDA,,,,,,,,,,,,,,
9804430,2511750,3,Driver,,False,,M,AIR BAG NOT DEPLOYED,G,OCCUPANT LAP SHOULDER HARNESS USED,CELL PHONE NOT IN USE,NONE APPARENT,,E,,,A,STOPPED,H,NOT APPLICABLE,,,F,FEMALE,,,CA,W,WHITE,,,2021.0,VOLKSWAGEN,,,,,,,,,,,,,,
9804429,2511750,2,Driver,,False,,M,AIR BAG NOT DEPLOYED,G,OCCUPANT LAP SHOULDER HARNESS USED,CELL PHONE NOT IN USE,NONE APPARENT,,E,,,A,STOPPED,H,NOT APPLICABLE,,,F,FEMALE,,,CA,,,,,2010.0,TOYOTA,,,,,,,,,,,,,,
9804428,2511750,1,Driver,True,False,,M,AIR BAG NOT DEPLOYED,G,OCCUPANT LAP SHOULDER HARNESS USED,CELL PHONE NOT IN USE,NONE APPARENT,,E,,,B,PROCEEDING STRAIGHT,H,NOT APPLICABLE,,,F,FEMALE,,,CA,,,,,2020.0,NISSAN,,,,,,,,,,,,,,
9804427,2511749,2,Driver,,False,,M,AIR BAG NOT DEPLOYED,E,OCCUPANT SHOULDER HARNESS USED,,NONE APPARENT,,S,,,A,STOPPED,A,HAD NOT BEEN DRINKING,,,M,MALE,,,CA,,,7.0,SportUtilityVehicle,2007.0,SUBARU,,,,,,,,,,,,,,
9804426,2511749,1,Driver,True,False,,,,,,,VC SECTION VIOLATED - 21453 / NONE APPARENT,,S,,,B,PROCEEDING STRAIGHT,G,IMPAIRMENT_NOT_KNOWN,,,,,,,,,,99.0,OtherUnknownHitAndRunDriver,,,,,,,,,,,,,,,,
9804425,2511748,2,Driver,,False,,M,AIR BAG NOT DEPLOYED,B,OCCUPANT UNKNOWN,,NONE APPARENT,,W,,,B,PROCEEDING STRAIGHT,G,IMPAIRMENT_NOT_KNOWN,,,F,FEMALE,,,CA,,,,,2000.0,HONDA,,,,,,,,,,,,,,
9804424,2511748,1,Driver,True,False,,M,AIR BAG NOT DEPLOYED,G,OCCUPANT LAP SHOULDER HARNESS USED,,NONE APPARENT,,N,,,E,MAKING LEFT TURN,A,HAD NOT BEEN DRINKING,,,F,FEMALE,,,CA,B,BLACK,,,2016.0,MERCEDES-BENZ,,,,,,,,,,,,,,
9804423,2511747,2,Driver,,False,,B,UNKNOWN,,,,NONE APPARENT,,N,,,A,STOPPED,A,HAD NOT BEEN DRINKING,,,M,MALE,,,CA,W,WHITE,7.0,SportUtilityVehicle,2022.0,SUBARU,,,,,,,,,,,,,,
9804422,2511747,1,Driver,True,False,,B,UNKNOWN,,,,NONE APPARENT,,E,,,B,PROCEEDING STRAIGHT,C,HBD-NOT UNDER INFLUENCE,,,M,MALE,,,CA,W,WHITE,1.0,PassengerCarStationWagonJeep,2017.0,NISSAN,,,,,,,,,,,,,,
9804421,2511746,2,Pedestrian,,False,,,,,,,NONE APPARENT,,,,,L,ENTERING TRAFFICD,A,HAD NOT BEEN DRINKING,,,M,MALE,,,,,,60.0,Pedestrian,,,,,,,,,,,,,,,,
9804420,2511746,1,Driver,True,False,,M,AIR BAG NOT DEPLOYED,G,OCCUPANT LAP SHOULDER HARNESS USED,,NONE APPARENT,,N,,,E,MAKING LEFT TURN,A,HAD NOT BEEN DRINKING,,,M,MALE,,,CA,,,1.0,PassengerCarStationWagonJeep,1998.0,TOYOTA,,,,,,,,,,,,,,
9804402,2511737,2,Driver,,False,,L,AIR BAG DEPLOYED,G,OCCUPANT LAP SHOULDER HARNESS USED,CELL PHONE NOT IN USE,NONE APPARENT,,N,,,B,PROCEEDING STRAIGHT,H,NOT APPLICABLE,,,F,FEMALE,,,CA,,,1.0,PassengerCarStationWagonJeep,2020.0,HYUNDAI,,,,,,,,,,,,,,
9804401,2511737,1,Driver,True,False,,L,AIR BAG DEPLOYED,G,OCCUPANT LAP SHOULDER HARNESS USED,CELL PHONE NOT IN USE,NONE APPARENT,,N,,,D,MAKING RIGHT TURN,H,NOT APPLICABLE,,,F,FEMALE,,,CA,H,HISPANIC,1.0,PassengerCarStationWagonJeep,2016.0,TOYOTA,,,,,,,,,,,,,,
9804398,2511735,2,Driver,,False,,L,AIR BAG DEPLOYED,G,OCCUPANT LAP SHOULDER HARNESS USED,,,,S,,,E,MAKING LEFT TURN,A,HAD NOT BEEN DRINKING,,,M,MALE,,,CA,B,BLACK,1.0,PassengerCarStationWagonJeep,2011.0,TOYOTA,,,,,,,,,,,,,,
9804397,2511735,1,Driver,,False,,L,AIR BAG DEPLOYED,G,OCCUPANT LAP SHOULDER HARNESS USED,,,,N,,,B,PROCEEDING STRAIGHT,A,HAD NOT BEEN DRINKING,,,M,MALE,,,CA,,,1.0,PassengerCarStationWagonJeep,2014.0,CHEVROLET,,,,,,,,,,,,,,
9804396,2511734,3,Driver,,False,,M,AIR BAG NOT DEPLOYED,B,OCCUPANT UNKNOWN,,STOP & GO TRAFFIC,,S,,,A,STOPPED,G,IMPAIRMENT_NOT_KNOWN,,,M,MALE,,,,H,HISPANIC,,,1994.0,TOYOTA,,,,,,,,,,,,,,
9804395,2511734,2,Driver,,False,,M,AIR BAG NOT DEPLOYED,B,OCCUPANT UNKNOWN,,STOP & GO TRAFFIC,,S,,,A,STOPPED,G,IMPAIRMENT_NOT_KNOWN,,,F,FEMALE,,,CA,,,,,2013.0,HONDA,,,,,,,,,,,,,,
9804394,2511734,1,Driver,True,False,,M,AIR BAG NOT DEPLOYED,B,OCCUPANT UNKNOWN,,STOP & GO TRAFFIC,,S,,,B,PROCEEDING STRAIGHT,G,IMPAIRMENT_NOT_KNOWN,,,M,MALE,,,CA,H,HISPANIC,,,2018.0,CHEVROLET,,,,,,,,,,,,,,
9804393,2511733,2,Driver,,False,,P,NOT REQUIRED,A,OCCUPANT NONE IN VEHICLE,CELL PHONE NOT IN USE,NONE APPARENT,,N,,,B,PROCEEDING STRAIGHT,H,NOT APPLICABLE,,,M,MALE,,,CA,H,HISPANIC,,,2001.0,HARLEY-DAVIDSON,,,,,,,,,,,,,,
9804392,2511733,1,Driver,True,False,,M,AIR BAG NOT DEPLOYED,W,MOTOR BICYCLE DRIVER WITH HELMET,CELL PHONE NOT IN USE,NONE APPARENT,,N,,,E,MAKING LEFT TURN,H,NOT APPLICABLE,,,M,MALE,,,CA,A,ASIAN,,,2022.0,KIA,,,,,,,,,,,,,,
9804391,2511732,2,Driver,,False,,M,AIR BAG NOT DEPLOYED,C,OCCUPANT LAP BELT USED,,NONE APPARENT,,W,,,A,STOPPED,A,HAD NOT BEEN DRINKING,,,F,FEMALE,,,,,,,,2005.0,MERCEDES-BENZ,,,,,,,,,,,,,,
9804390,2511732,1,Driver,True,False,,M,AIR BAG NOT DEPLOYED,B,OCCUPANT UNKNOWN,,NONE APPARENT,,W,,,B,PROCEEDING STRAIGHT,B,HBD-UNDER INFLUENCE,,,M,MALE,,,CA,W,WHITE,,,2008.0,CHEVROLET,,,,,,,,,,,,,,
9804389,2511731,1,Driver,True,False,,M,AIR BAG NOT DEPLOYED,E,OCCUPANT SHOULDER HARNESS USED,,,,W,,,B,PROCEEDING STRAIGHT,I,SLEEPY/FATIGUED,,,M,MALE,,,,H,HISPANIC,,,2018.0,KIA,,,,,,,,,,,,,,
9804388,2511730,2,Driver,,False,,M,AIR BAG NOT DEPLOYED,G,OCCUPANT LAP SHOULDER HARNESS USED,,NONE APPARENT,,S,,,B,PROCEEDING STRAIGHT,A,HAD NOT BEEN DRINKING,,,F,FEMALE,,,CA,,,,,2023.0,TOYOTA,,,,,,,,,,,,,,
9804387,2511730,1,Driver,True,False,,M,AIR BAG NOT DEPLOYED,G,OCCUPANT LAP SHOULDER HARNESS USED,,NONE APPARENT,,W,,,B,PROCEEDING STRAIGHT,A,HAD NOT BEEN DRINKING,,,M,MALE,,,CA,,,,,2008.0,TOYOTA,,,,,,,,,,,,,,
9804386,2511729,2,Driver,,False,,L,AIR BAG DEPLOYED,G,OCCUPANT LAP SHOULDER HARNESS USED,,,,E,,,B,PROCEEDING STRAIGHT,A,HAD NOT BEEN DRINKING,,,M,MALE,,,CA,,,,,2015.0,TOYOTA,,,,,,,,,,,,,,
9804385,2511729,1,Driver,True,False,,M,AIR BAG NOT DEPLOYED,G,OCCUPANT LAP SHOULDER HARNESS USED,,VISION OBSCUREMENT,,W,,,E,MAKING LEFT TURN,A,HAD NOT BEEN DRINKING,,,M,MALE,,,CA,W,WHITE,,,2009.0,CHRYSLER,,,,,,,,,,,,,,
9804384,2511728,2,Driver,,False,,L,AIR BAG DEPLOYED,G,OCCUPANT LAP SHOULDER HARNESS USED,HAZARDOUS MATERIAL,NONE APPARENT,,S,,,B,PROCEEDING STRAIGHT,A,HAD NOT BEEN DRINKING,,,M,MALE,,,,W,WHITE,,,2013.0,HYUNDAI,,,,,,,,,,,,,,