PartyId,CollisionId,PartyNumber,PartyType,IsAtFault,IsOnDutyEmergencyVehicle,IsHitAndRun,AirbagCode,AirbagDescription,SafetyEquipmentCode,SafetyEquipmentDescription,Special Information,Other Associate Factor,Inattention,DirectionOfTravel,StreetOrHighwayName,SpeedLimit,MovementPrecCollCode,MovementPrecCollDescription,SobrietyDrugPhysicalCode1,SobrietyDrugPhysicalDescription1,SobrietyDrugPhysicalCode2,SobrietyDrugPhysicalDescription2,GenderCode,GenderDescription,StatedAge,DriverLicenseClass,DriverLicenseStateCode,RaceCode,RaceDesc,Vehicle1TypeId, Vehicle1TypeDesc, Vehicle1Year,Vehicle1Make,Vehicle1Model,Vehicle1Color,V1IsVehicleTowed,Vehicle2TypeId, Vehicle2TypeDesc, Vehicle2Year,Vehicle2Make,Vehicle2Model,Vehicle2Color,V2IsVehicleTowed,Lane,ThruLanes,TotalLanes,IsDREConducted
9815871,2517380,1,Driver,True,False,,,,,,,,,N,,,B,PROCEEDING STRAIGHT,G,IMPAIRMENT_NOT_KNOWN,,,,,,,,,,99.0,OtherUnknownHitAndRunDriver,,AUDI,,,,,,,,,,,,,,
9815834,2517360,2,Driver,,False,,L,AIR BAG DEPLOYED,C,OCCUPANT LAP BELT USED,,NONE APPARENT,,N,,,A,STOPPED,G,IMPAIRMENT_NOT_KNOWN,,,M,MALE,,C,CA,W,WHITE,7.0,SportUtilityVehicle,2016.0,NISSAN,,,,,,,,,,,,,,
9815833,2517360,1,Driver,True,False,,B,UNKNOWN,,,,NONE APPARENT,,N,,,B,PROCEEDING STRAIGHT,G,IMPAIRMENT_NOT_KNOWN,,,,,,,,,,99.0,OtherUnknownHitAndRunDriver,,,,,,,,,,,,,,,,
9815813,2517349,2,Driver,,False,,M,AIR BAG NOT DEPLOYED,C,OCCUPANT LAP BELT USED,CELL PHONE NOT IN USE,,,W,,,B,PROCEEDING STRAIGHT,A,HAD NOT BEEN DRINKING,,,M,MALE,,C,CA,,,1.0,PassengerCarStationWagonJeep,2016.0,TOYOTA,,,,,,,,,,,,,,
9815812,2517349,1,Driver,True,False,,B,UNKNOWN,,,,,,W,,,B,PROCEEDING STRAIGHT,G,IMPAIRMENT_NOT_KNOWN,,,,,,,,,,1.0,PassengerCarStationWagonJeep,2009.0,TOYOTA,,,,,,,,,,,,,,
9810039,2514534,2,Driver,,False,,L,AIR BAG DEPLOYED,G,OCCUPANT LAP SHOULDER HARNESS USED,,NONE APPARENT,,W,,,B,PROCEEDING STRAIGHT,A,HAD NOT BEEN DRINKING,,,M,MALE,,,CA,,,1.0,PassengerCarStationWagonJeep,1998.0,TOYOTA,,,,,,,,,,,,,,
9810038,2514534,1,Driver,True,False,,M,AIR BAG NOT DEPLOYED,G,OCCUPANT LAP SHOULDER HARNESS USED,,NONE APPARENT,,N,,,B,PROCEEDING STRAIGHT,A,HAD NOT BEEN DRINKING,,,F,FEMALE,,,CA,,,,,2009.0,HONDA,,,,,,,,,,,,,,
9810037,2514533,1,Driver,True,False,,L,AIR BAG DEPLOYED,G,OCCUPANT LAP SHOULDER HARNESS USED,,NONE APPARENT,,S,,,E,MAKING LEFT TURN,G,IMPAIRMENT_NOT_KNOWN,,,M,MALE,,,CA,,,,,2018.0,MERCEDES-BENZ,,,,,,,,,,,,,,
9810036,2514532,3,Driver,,False,,M,AIR BAG NOT DEPLOYED,G,OCCUPANT LAP SHOULDER HARNESS USED,,,,,,,A,STOPPED,H,NOT APPLICABLE,,,M,MALE,,,CA,,,7.0,SportUtilityVehicle,2017.0,TOYOTA,,,,,,,,,,,,,,
9810035,2514532,2,Driver,,False,,L,AIR BAG DEPLOYED,G,OCCUPANT LAP SHOULDER HARNESS USED,,,,W,,,B,PROCEEDING STRAIGHT,H,NOT APPLICABLE,,,M,MALE,,,CA,,,7.0,SportUtilityVehicle,2022.0,HONDA,,,,,,,,,,,,,,
9810034,2514532,1,Driver,True,False,,L,AIR BAG DEPLOYED,G,OCCUPANT LAP SHOULDER HARNESS USED,,,,N,,,E,MAKING LEFT TURN,H,NOT APPLICABLE,,,F,FEMALE,,,CA,,,1.0,PassengerCarStationWagonJeep,2017.0,HYUNDAI,,,,,,,,,,,,,,
9810033,2514531,1,Driver,True,False,,P,NOT REQUIRED,U,CHILD RESTRAINT NONE IN VEHICLE,,NONE APPARENT,,N,,,E,MAKING LEFT TURN,H,NOT APPLICABLE,,,M,MALE,,,CA,,,,,2017.0,HONDA,,,,,,,,,,,,,,
9810032,2514530,3,Other,,False,,,,G,OCCUPANT LAP SHOULDER HARNESS USED,CELL PHONE NOT IN USE,,,S,,,B,PROCEEDING STRAIGHT,A,HAD NOT BEEN DRINKING,,,M,MALE,,,,,,,,2006.0,CADILLAC,,,,,,,,,,,,,,
9810031,2514530,2,Other,,False,,,,G,OCCUPANT LAP SHOULDER HARNESS USED,CELL PHONE NOT IN USE,,,N,,,G,BACKING,A,HAD NOT BEEN DRINKING,,,M,MALE,,,,,,1.0,PassengerCarStationWagonJeep,2021.0,HYUNDAI,,,,,,,,,,,,,,
9810030,2514530,1,Driver,True,False,,M,AIR BAG NOT DEPLOYED,G,OCCUPANT LAP SHOULDER HARNESS USED,CELL PHONE NOT IN USE,VC SECTION VIOLATED - 20002 A,,N,,,B,PROCEEDING STRAIGHT,A,HAD NOT BEEN DRINKING,,,M,MALE,,,,,,,,2000.0,ACURA,,,,,,,,,,,,,,
9810029,2514529,2,Driver,,False,,M,AIR BAG NOT DEPLOYED,G,OCCUPANT LAP SHOULDER HARNESS USED,,NONE APPARENT,,N,,,B,PROCEEDING STRAIGHT,H,NOT APPLICABLE,,,M,MALE,,,CA,,,,,2010.0,HONDA,,,,,,,,,,,,,,
9810028,2514529,1,Driver,True,False,,M,AIR BAG NOT DEPLOYED,G,OCCUPANT LAP SHOULDER HARNESS USED,,NONE APPARENT,,W,,,E,MAKING LEFT TURN,H,NOT APPLICABLE,,,M,MALE,,,CA,,,22.0,PickupsAndPanels,2002.0,TOYOTA,,,,,,,,,,,,,,
9810027,2514528,2,Bicyclist,,False,,,,,,,NONE APPARENT,,E,,,B,PROCEEDING STRAIGHT,A,HAD NOT BEEN DRINKING,,,M,MALE,,,,W,WHITE,4.0,Bicycle,,,,,,,,,,,,,,,,
9810026,2514528,1,Driver,True,False,,M,AIR BAG NOT DEPLOYED,G,OCCUPANT LAP SHOULDER HARNESS USED,,NONE APPARENT,,E,,,D,MAKING RIGHT TURN,A,HAD NOT BEEN DRINKING,,,F,FEMALE,,,CA,,,1.0,PassengerCarStationWagonJeep,2015.0,NISSAN,,,,,,,,,,,,,,
9810025,2514527,2,Pedestrian,,False,,,,,,,NONE APPARENT,,,,,,,H,NOT APPLICABLE,,,F,FEMALE,,,,W,WHITE,60.0,Pedestrian,,,,,,,,,,,,,,,,
9810024,2514527,1,Driver,True,False,,B,UNKNOWN,,,,NONE APPARENT,,N,,,B,PROCEEDING STRAIGHT,G,IMPAIRMENT_NOT_KNOWN,,,,,,,,,,99.0,OtherUnknownHitAndRunDriver,,CHRYSLER,,,,,,,,,,,,,,
9810001,2514515,2,Driver,,False,,M,AIR BAG NOT DEPLOYED,G,OCCUPANT LAP SHOULDER HARNESS USED,,NONE APPARENT,,W,,,C,RAN OFF ROAD,B,HBD-UNDER INFLUENCE,,,M,MALE,,,CA,,,,,2017.0,TOYOTA,,,,,,,,,,,,,,
9810000,2514515,1,Driver,True,False,,L,AIR BAG DEPLOYED,G,OCCUPANT LAP SHOULDER HARNESS USED,,VC SECTION VIOLATED - 23153 / NONE APPARENT,,E,,,R,OTHER,A,HAD NOT BEEN DRINKING,,,M,MALE,,,,,,,,1989.0,HONDA,,,,,,,,,,,,,,
9809999,2514514,2,Driver,,False,,M,AIR BAG NOT DEPLOYED,C,OCCUPANT LAP BELT USED,,,,,,,B,PROCEEDING STRAIGHT,A,HAD NOT BEEN DRINKING,,,M,MALE,,,,,,,,2003.0,BMW,,,,,,,,,,,,,,
9809998,2514514,1,Driver,True,False,,L,AIR BAG DEPLOYED,C,OCCUPANT LAP BELT USED,,,,,,,E,MAKING LEFT TURN,A,HAD NOT BEEN DRINKING,,,M,MALE,,,,,,,,2017.0,BMW,,,,,,,,,,,,,,
9809997,2514513,2,Driver,,False,,,,,,,,,E,,,A,STOPPED,A,HAD NOT BEEN DRINKING,,,M,MALE,,,CA,,,,,2023.0,DODGE,,,,,,,,,,,,,,
9809996,2514513,1,Driver,True,False,,,,,,,VC SECTION VIOLATED - 23123,,E,,,B,PROCEEDING STRAIGHT,A,HAD NOT BEEN DRINKING,,,M,MALE,,,CA,W,WHITE,,,2018.0,NISSAN,,,,,,,,,,,,,,
9809800,2514413,2,Driver,,False,,L,AIR BAG DEPLOYED,C,OCCUPANT LAP BELT USED,,,,S,,,B,PROCEEDING STRAIGHT,A,HAD NOT BEEN DRINKING,,,F,FEMALE,,C,CA,B,BLACK,,,2016.0,TOYOTA,,,,,,,,,,,,,,
9809799,2514413,1,Driver,True,False,,M,AIR BAG NOT DEPLOYED,C,OCCUPANT LAP BELT USED,,,,N,,,E,MAKING LEFT TURN,A,HAD NOT BEEN DRINKING,,,F,FEMALE,,C,CA,,,,,2005.0,HONDA,,,,,,,,,,,,,,
9809798,2514412,2,Driver,,False,,M,AIR BAG NOT DEPLOYED,G,OCCUPANT LAP SHOULDER HARNESS USED,,,,E,,,D,MAKING RIGHT TURN,A,HAD NOT BEEN DRINKING,,,F,FEMALE,,C,CA,A,ASIAN,1.0,PassengerCarStationWagonJeep,2021.0,TOYOTA,,,,,,,,,,,,,,
9809797,2514412,1,Driver,True,False,,M,AIR BAG NOT DEPLOYED,G,OCCUPANT LAP SHOULDER HARNESS USED,,NONE APPARENT,,S,,,B,PROCEEDING STRAIGHT,A,HAD NOT BEEN DRINKING,,,F,FEMALE,,C,CA,,,1.0,PassengerCarStationWagonJeep,2016.0,FORD,,,,,,,,,,,,,,
9809796,2514411,3,Driver,,False,,M,AIR BAG NOT DEPLOYED,B,OCCUPANT UNKNOWN,,,,S,,,A,STOPPED,G,IMPAIRMENT_NOT_KNOWN,,,M,MALE,,C,CA,,,1.0,PassengerCarStationWagonJeep,2023.0,TESLA,,,,,,,,,,,,,,
9809795,2514411,2,Driver,,False,,L,AIR BAG DEPLOYED,B,OCCUPANT UNKNOWN,,,,N,,,B,PROCEEDING STRAIGHT,G,IMPAIRMENT_NOT_KNOWN,,,M,MALE,,C,CA,B,BLACK,1.0,PassengerCarStationWagonJeep,2018.0,HONDA,,,,,,,,,,,,,,
9809794,2514411,1,Driver,,False,,L,AIR BAG DEPLOYED,B,OCCUPANT UNKNOWN,,,,W,,,B,PROCEEDING STRAIGHT,G,IMPAIRMENT_NOT_KNOWN,,,M,MALE,,C,CA,,,1.0,PassengerCarStationWagonJeep,2018.0,TESLA,,,,,,,,,,,,,,
9809793,2514410,2,Driver,,False,,L,AIR BAG DEPLOYED,G,OCCUPANT LAP SHOULDER HARNESS USED,CELL PHONE NOT IN USE,NONE APPARENT,,N,,,B,PROCEEDING STRAIGHT,A,HAD NOT BEEN DRINKING,,,F,FEMALE,,C,CA,,,8.0,MiniVan,2014.0,HONDA,,,,,,,,,,,,,,
9809792,2514410,1,Driver,True,False,,M,AIR BAG NOT DEPLOYED,G,OCCUPANT LAP SHOULDER HARNESS USED,CELL PHONE NOT IN USE,NONE APPARENT,,N,,,E,MAKING LEFT TURN,A,HAD NOT BEEN DRINKING,,,M,MALE,,U,,,,1.0,PassengerCarStationWagonJeep,2008.0,TOYOTA,,,,,,,,,,,,,,
9809791,2514409,2,Driver,,False,,M,AIR BAG NOT DEPLOYED,G,OCCUPANT LAP SHOULDER HARNESS USED,CELL PHONE NOT IN USE,NONE APPARENT,,S,,,A,STOPPED,H,NOT APPLICABLE,,,M,MALE,,C,CA,,,1.0,PassengerCarStationWagonJeep,2016.0,HYUNDAI,,,,,,,,,,,,,,
9809790,2514409,1,Driver,True,False,,M,AIR BAG NOT DEPLOYED,G,OCCUPANT LAP SHOULDER HARNESS USED,CELL PHONE NOT IN USE,NONE APPARENT,,N,,,B,PROCEEDING STRAIGHT,H,NOT APPLICABLE,,,M,MALE,,C,CA,,,22.0,PickupsAndPanels,2000.0,CHEVROLET,,,,,,,,,,,,,,
9809789,2514408,2,Driver,,False,,M,AIR BAG NOT DEPLOYED,W,MOTOR BICYCLE DRIVER WITH HELMET,CELL PHONE NOT IN USE,NONE APPARENT,,N,,,B,PROCEEDING STRAIGHT,G,IMPAIRMENT_NOT_KNOWN,,,F,FEMALE,,F,,,,,,2015.0,MERCEDES-BENZ,,,,,,,,,,,,,,
9809788,2514408,1,Driver,True,False,,M,AIR BAG NOT DEPLOYED,W,MOTOR BICYCLE DRIVER WITH HELMET,CELL PHONE NOT IN USE,NONE APPARENT,,S,,,D,MAKING RIGHT TURN,G,IMPAIRMENT_NOT_KNOWN,,,M,MALE,,C,CA,W,WHITE,1.0,PassengerCarStationWagonJeep,2014.0,HONDA,,,,,,,,,,,,,,
9809787,2514407,2,Driver,,False,,M,AIR BAG NOT DEPLOYED,G,OCCUPANT LAP SHOULDER HARNESS USED,CELL PHONE NOT IN USE,NONE APPARENT,,S,,,A,STOPPED,A,HAD NOT BEEN DRINKING,,,F,FEMALE,,C,CA,,,,,2006.0,HONDA,,,,,,,,,,,,,,
9809786,2514407,1,Driver,True,False,,L,AIR BAG DEPLOYED,G,OCCUPANT LAP SHOULDER HARNESS USED,CELL PHONE NOT IN USE,NONE APPARENT,,S,,,M,OTHER UNSAFE TURNING,A,HAD NOT BEEN DRINKING,,,F,FEMALE,,C,CA,B,BLACK,,,2017.0,BMW,,,,,,,,,,,,,,
9809785,2514406,2,Driver,,False,,M,AIR BAG NOT DEPLOYED,G,OCCUPANT LAP SHOULDER HARNESS USED,CELL PHONE NOT IN USE,NONE APPARENT,,S,,,A,STOPPED,A,HAD NOT BEEN DRINKING,,,M,MALE,,C,CA,W,WHITE,7.0,SportUtilityVehicle,2016.0,MERCEDES-BENZ,,,,,,,,,,,,,,
9809784,2514406,1,Driver,True,False,,M,AIR BAG NOT DEPLOYED,G,OCCUPANT LAP SHOULDER HARNESS USED,CELL PHONE NOT IN USE,VC SECTION VIOLATED - 22350 / NONE APPARENT,,S,,,D,MAKING RIGHT TURN,A,HAD NOT BEEN DRINKING,,,F,FEMALE,,C,CA,,,1.0,PassengerCarStationWagonJeep,2017.0,TOYOTA,,,,,,,,,,,,,,
9809781,2514404,2,Driver,,False,,L,AIR BAG DEPLOYED,G,OCCUPANT LAP SHOULDER HARNESS USED,,NONE APPARENT,,W,,,B,PROCEEDING STRAIGHT,A,HAD NOT BEEN DRINKING,,,M,MALE,,C,CA,W,WHITE,1.0,PassengerCarStationWagonJeep,2009.0,TOYOTA,,,,,,,,,,,,,,
9809780,2514404,1,Driver,True,False,,L,AIR BAG DEPLOYED,G,OCCUPANT LAP SHOULDER HARNESS USED,,NONE APPARENT,,E,,,E,MAKING LEFT TURN,A,HAD NOT BEEN DRINKING,,,F,FEMALE,,C,CA,W,WHITE,7.0,SportUtilityVehicle,2008.0,HONDA,,,,,,,,,,,,,,
9809779,2514403,2,Driver,,False,,M,AIR BAG NOT DEPLOYED,G,OCCUPANT LAP SHOULDER HARNESS USED,CELL PHONE NOT IN USE,NONE APPARENT,,W,,,A,STOPPED,A,HAD NOT BEEN DRINKING,,,M,MALE,,C,CA,W,WHITE,1.0,PassengerCarStationWagonJeep,2016.0,KIA,,,,,,,,,,,,,,
9809778,2514403,1,Driver,True,False,,B,UNKNOWN,,,CELL PHONE NOT IN USE,NONE APPARENT,,E,,,D,MAKING RIGHT TURN,H,NOT APPLICABLE,,,,,,,,,,,,,,,,,,,,,,,,,,,
9809777,2514402,2,Driver,,False,,M,AIR BAG NOT DEPLOYED,B,OCCUPANT UNKNOWN,,NONE APPARENT,,,,,A,STOPPED,A,HAD NOT BEEN DRINKING,,,M,MALE,,C,CA,A,ASIAN,,,2023.0,NISSAN,,,,,,,,,,,,,,
9809776,2514402,1,Driver,True,False,,M,AIR BAG NOT DEPLOYED,B,OCCUPANT UNKNOWN,,NONE APPARENT,,E,,,C,RAN OFF ROAD,B,HBD-UNDER INFLUENCE,,,M,MALE,,C,CA,,,,,2017.0,FORD,,,,,,,,,,,,,,
9809775,2514401,2,Driver,,False,,L,AIR BAG DEPLOYED,G,OCCUPANT LAP SHOULDER HARNESS USED,CELL PHONE NOT IN USE,NONE APPARENT,,S,,,B,PROCEEDING STRAIGHT,G,IMPAIRMENT_NOT_KNOWN,,,F,FEMALE,,,,,,,,2007.0,HONDA,,,,,,,,,,,,,,
9809774,2514401,1,Driver,True,False,,L,AIR BAG DEPLOYED,B,OCCUPANT UNKNOWN,,VC SECTION VIOLATED - 23152,,W,,,B,PROCEEDING STRAIGHT,B,HBD-UNDER INFLUENCE,,,M,MALE,,C,CA,,,,,2007.0,LEXUS,,,,,,,,,,,,,,
9809773,2514400,1,Driver,True,False,,L,AIR BAG DEPLOYED,C,OCCUPANT LAP BELT USED,,INATTENTION,OTHER,S,,,C,RAN OFF ROAD,I,SLEEPY/FATIGUED,,,F,FEMALE,,C,CA,A,ASIAN,1.0,PassengerCarStationWagonJeep,,HONDA,,,,,,,,,,,,,,
9809772,2514399,2,Driver,,False,,,,,,CELL PHONE NOT IN USE,NONE APPARENT,,W,,,B,PROCEEDING STRAIGHT,A,HAD NOT BEEN DRINKING,,,M,MALE,,C,CA,,,1.0,PassengerCarStationWagonJeep,2015.0,TOYOTA,,,,,,,,,,,,,,
9809771,2514399,1,Driver,True,False,,,,,,CELL PHONE NOT IN USE,NONE APPARENT,,W,,,E,MAKING LEFT TURN,A,HAD NOT BEEN DRINKING,,,M,MALE,,C,CA,A,ASIAN,1.0,PassengerCarStationWagonJeep,2000.0,TOYOTA,,,,,,,,,,,,,,
9809770,2514398,2,Driver,,False,,L,AIR BAG DEPLOYED,G,OCCUPANT LAP SHOULDER HARNESS USED,CELL PHONE NOT IN USE,NONE APPARENT,,S,,,I,PASSING OTHER VEHICLE,A,HAD NOT BEEN DRINKING,,,M,MALE,,U,CA,,,,,2012.0,INFINITI,,,,,,,,,,,,,,
9809769,2514398,1,Driver,True,False,,L,AIR BAG DEPLOYED,G,OCCUPANT LAP SHOULDER HARNESS USED,CELL PHONE NOT IN USE,NONE APPARENT,,S,,,J,CHANGING LANES,A,HAD NOT BEEN DRINKING,,,M,MALE,,C,CA,,,,,2011.0,LEXUS,,,,,,,,,,,,,,
9809768,2514397,2,Driver,,False,,L,AIR BAG DEPLOYED,G,OCCUPANT LAP SHOULDER HARNESS USED,,NONE APPARENT,,S,,,E,MAKING LEFT TURN,A,HAD NOT BEEN DRINKING,,,M,MALE,,C,CA,,,,,2019.0,TESLA,,,,,,,,,,,,,,
9809767,2514397,1,Driver,True,False,,L,AIR BAG DEPLOYED,G,OCCUPANT LAP SHOULDER HARNESS USED,,VISION OBSCUREMENT,,E,,,B,PROCEEDING STRAIGHT,A,HAD NOT BEEN DRINKING,,,F,FEMALE,,C,CA,,,,,2019.0,HONDA,,,,,,,,,,,,,,
9809766,2514396,2,Pedestrian,,False,,,,,,,,,S,,,,,G,IMPAIRMENT_NOT_KNOWN,,,F,FEMALE,,,,W,WHITE,60.0,Pedestrian,,,,,,,,,,,,,,,,
9809765,2514396,1,Driver,True,False,,,,,,,VC SECTION VIOLATED - 20001,,E,,,B,PROCEEDING STRAIGHT,G,IMPAIRMENT_NOT_KNOWN,,,,,,,,,,,,,NISSAN,,,,,,,,,,,,,,
9809764,2514395,2,Pedestrian,,False,,,,,,,NONE APPARENT,,N,,,B,PROCEEDING STRAIGHT,A,HAD NOT BEEN DRINKING,,,F,FEMALE,,,,W,WHITE,60.0,Pedestrian,,,,,,,,,,,,,,,,
9809763,2514395,1,Driver,True,False,,M,AIR BAG NOT DEPLOYED,G,OCCUPANT LAP SHOULDER HARNESS USED,,NONE APPARENT,,N,,,D,MAKING RIGHT TURN,A,HAD NOT BEEN DRINKING,,,M,MALE,,C,CA,W,WHITE,,,2020.0,FORD,,,,,,,,,,,,,,
9809762,2514394,2,Driver,,False,,M,AIR BAG NOT DEPLOYED,B,OCCUPANT UNKNOWN,,,,E,,,B,PROCEEDING STRAIGHT,G,IMPAIRMENT_NOT_KNOWN,,,F,FEMALE,,C,CA,,,,,2017.0,TOYOTA,,,,,,,,,,,,,,
9809761,2514394,1,Driver,True,False,,M,AIR BAG NOT DEPLOYED,B,OCCUPANT UNKNOWN,,,,W,,,A,STOPPED,G,IMPAIRMENT_NOT_KNOWN,,,M,MALE,,C,CA,A,ASIAN,,,2010.0,TOYOTA,,,,,,,,,,,,,,
9809760,2514393,2,Driver,,False,,L,AIR BAG DEPLOYED,G,OCCUPANT LAP SHOULDER HARNESS USED,,VC SECTION VIOLATED - 12500 A,,S,,,B,PROCEEDING STRAIGHT,A,HAD NOT BEEN DRINKING,,,M,MALE,,U,,,,,,2007.0,TOYOTA,,,,,,,,,,,,,,
9809759,2514393,1,Driver,True,False,,L,AIR BAG DEPLOYED,G,OCCUPANT LAP SHOULDER HARNESS USED,,VC SECTION VIOLATED,,S,,,F,MAKING U TURN,A,HAD NOT BEEN DRINKING,,,M,MALE,,C,CA,W,WHITE,,,2021.0,BMW,,,,,,,,,,,,,,
9809758,2514392,2,Driver,,False,,M,AIR BAG NOT DEPLOYED,G,OCCUPANT LAP SHOULDER HARNESS USED,,NONE APPARENT,,W,,,A,STOPPED,A,HAD NOT BEEN DRINKING,,,M,MALE,,C,CA,B,BLACK,,,2018.0,HONDA,,,,,,,,,,,,,,
9809757,2514392,1,Driver,True,False,,M,AIR BAG NOT DEPLOYED,G,OCCUPANT LAP SHOULDER HARNESS USED,,NONE APPARENT,,E,,,E,MAKING LEFT TURN,A,HAD NOT BEEN DRINKING,,,M,MALE,,C,CA,,,,,2013.0,HYUNDAI,,,,,,,,,,,,,,
9809756,2514391,3,Driver,,False,,M,AIR BAG NOT DEPLOYED,G,OCCUPANT LAP SHOULDER HARNESS USED,,,,,,,B,PROCEEDING STRAIGHT,A,HAD NOT BEEN DRINKING,,,F,FEMALE,,C,CA,,,,,2007.0,TOYOTA,,,,,,,,,,,,,,
9809755,2514391,2,Driver,,False,,M,AIR BAG NOT DEPLOYED,G,OCCUPANT LAP SHOULDER HARNESS USED,,,,E,,,B,PROCEEDING STRAIGHT,A,HAD NOT BEEN DRINKING,,,M,MALE,,C,CA,W,WHITE,,,2012.0,FORD,,,,,,,,,,,,,,
9809754,2514391,1,Driver,True,False,,M,AIR BAG NOT DEPLOYED,G,OCCUPANT LAP SHOULDER HARNESS USED,,,,E,,,B,PROCEEDING STRAIGHT,A,HAD NOT BEEN DRINKING,,,M,MALE,,U,,,,,,2002.0,CHEVROLET,,,,,,,,,,,,,,
9809753,2514390,2,Pedestrian,,False,,,,,,,NONE APPARENT,,N,,,B,PROCEEDING STRAIGHT,C,HBD-NOT UNDER INFLUENCE,,,F,FEMALE,,,,,,60.0,Pedestrian,,,,,,,,,,,,,,,,
9809752,2514390,1,Driver,True,False,,M,AIR BAG NOT DEPLOYED,W,MOTOR BICYCLE DRIVER WITH HELMET,,NONE APPARENT,,W,,,E,MAKING LEFT TURN,C,HBD-NOT UNDER INFLUENCE,,,F,FEMALE,,,CA,,,1.0,PassengerCarStationWagonJeep,2010.0,HONDA,,,,,,,,,,,,,,
9809751,2514389,2,Driver,,False,,M,AIR BAG NOT DEPLOYED,C,OCCUPANT LAP BELT USED,,,,E,,,B,PROCEEDING STRAIGHT,A,HAD NOT BEEN DRINKING,,,M,MALE,,C,CA,,,,,2003.0,BUICK,,,,,,,,,,,,,,
9809750,2514389,1,Driver,True,False,,L,AIR BAG DEPLOYED,C,OCCUPANT LAP BELT USED,,,,N,,,L,ENTERING TRAFFICD,A,HAD NOT BEEN DRINKING,,,F,FEMALE,,C,CA,W,WHITE,,,2009.0,HONDA,,,,,,,,,,,,,,
9809749,2514388,2,Driver,,False,,L,AIR BAG DEPLOYED,B,OCCUPANT UNKNOWN,,NONE APPARENT,,S,,,B,PROCEEDING STRAIGHT,A,HAD NOT BEEN DRINKING,,,M,MALE,,C,CA,W,WHITE,,,,TOYOTA,,,,,,,,,,,,,,
9809748,2514388,1,Driver,True,False,,L,AIR BAG DEPLOYED,D,OCCUPANT LAP BELT NOT USED,,NONE APPARENT,,S,,,B,PROCEEDING STRAIGHT,A,HAD NOT BEEN DRINKING,,,M,MALE,,,,,,,,2010.0,NISSAN,,,,,,,,,,,,,,
9809747,2514386,2,Driver,,False,,L,AIR BAG DEPLOYED,G,OCCUPANT LAP SHOULDER HARNESS USED,,NONE APPARENT,,S,,,B,PROCEEDING STRAIGHT,H,NOT APPLICABLE,,,M,MALE,,,CA,W,WHITE,,,2019.0,VOLVO,,,,,,,,,,,,,,
9809746,2514387,2,Driver,,False,,L,AIR BAG DEPLOYED,C,OCCUPANT LAP BELT USED,,NONE APPARENT,,N,,,M,OTHER UNSAFE TURNING,,,,,F,FEMALE,,C,CA,,,7.0,SportUtilityVehicle,2018.0,DODGE,,,,,,,,,,,,,,
9809745,2514386,1,Driver,True,False,,L,AIR BAG DEPLOYED,G,OCCUPANT LAP SHOULDER HARNESS USED,,NONE APPARENT,,W,,,B,PROCEEDING STRAIGHT,H,NOT APPLICABLE,,,M,MALE,,F,,,,,,2005.0,TOYOTA,,,,,,,,,,,,,,
9809744,2514387,1,Driver,True,False,,M,AIR BAG NOT DEPLOYED,C,OCCUPANT LAP BELT USED,,NONE APPARENT,,N,,,B,PROCEEDING STRAIGHT,,,,,F,FEMALE,,C,CA,,,1.0,PassengerCarStationWagonJeep,2015.0,NISSAN,,,,,,,,,,,,,,
9809743,2514385,2,Driver,,False,,L,AIR BAG DEPLOYED,G,OCCUPANT LAP SHOULDER HARNESS USED,,NONE APPARENT,,E,,,E,MAKING LEFT TURN,G,IMPAIRMENT_NOT_KNOWN,,,F,FEMALE,,C,CA,,,1.0,PassengerCarStationWagonJeep,2007.0,HONDA,,,,,,,,,,,,,,
9809742,2514385,1,Driver,True,False,,L,AIR BAG DEPLOYED,G,OCCUPANT LAP SHOULDER HARNESS USED,,NONE APPARENT,,N,,,B,PROCEEDING STRAIGHT,G,IMPAIRMENT_NOT_KNOWN,,,F,FEMALE,,C,CA,,,,,2021.0,VOLVO,,,,,,,,,,,,,,
9809741,2514384,2,Driver,,False,,L,AIR BAG DEPLOYED,G,OCCUPANT LAP SHOULDER HARNESS USED,,NONE APPARENT,,E,,,B,PROCEEDING STRAIGHT,A,HAD NOT BEEN DRINKING,,,F,FEMALE,,C,CA,,,7.0,SportUtilityVehicle,2015.0,MERCEDES-BENZ,,,,,,,,,,,,,,
9809740,2514384,1,Driver,True,False,,L,AIR BAG DEPLOYED,G,OCCUPANT LAP SHOULDER HARNESS USED,,NONE APPARENT,,N,,,B,PROCEEDING STRAIGHT,A,HAD NOT BEEN DRINKING,,,F,FEMALE,,C,CA,,,7.0,SportUtilityVehicle,2016.0,KIA,,,,,,,,,,,,,,
9809739,2514383,3,Pedestrian,,False,,,,,,,,,W,,,R,OTHER,H,NOT APPLICABLE,,,F,FEMALE,,,,A,ASIAN,60.0,Pedestrian,,,,,,,,,,,,,,,,
9809738,2514383,2,Pedestrian,,False,,,,,,,,,W,,,R,OTHER,H,NOT APPLICABLE,,,M,MALE,,,,,,60.0,Pedestrian,,,,,,,,,,,,,,,,
9809737,2514383,1,Driver,True,False,,M,AIR BAG NOT DEPLOYED,B,OCCUPANT UNKNOWN,,VISION OBSCUREMENT,,S,,,E,MAKING LEFT TURN,H,NOT APPLICABLE,,,M,MALE,,C,CA,A,ASIAN,,,2014.0,TOYOTA,,,,,,,,,,,,,,
9809736,2514382,2,Driver,,False,,L,AIR BAG DEPLOYED,,,,NONE APPARENT,,W,,,B,PROCEEDING STRAIGHT,H,NOT APPLICABLE,,,F,FEMALE,,C,CA,,,7.0,SportUtilityVehicle,2011.0,CHEVROLET,,,,,,,,,,,,,,
9809735,2514382,1,Driver,True,False,,L,AIR BAG DEPLOYED,,,,INATTENTION,OTHER,S,,,B,PROCEEDING STRAIGHT,H,NOT APPLICABLE,,,M,MALE,,C,CA,A,ASIAN,1.0,PassengerCarStationWagonJeep,2020.0,CHEVROLET,,,,,,,,,,,,,,
9809734,2514381,2,Driver,,False,,M,AIR BAG NOT DEPLOYED,C,OCCUPANT LAP BELT USED,,NONE APPARENT,,E,,,B,PROCEEDING STRAIGHT,A,HAD NOT BEEN DRINKING,,,M,MALE,,C,CA,,,,,2021.0,HYUNDAI,,,,,,,,,,,,,,