PartyId,CollisionId,PartyNumber,PartyType,IsAtFault,IsOnDutyEmergencyVehicle,IsHitAndRun,AirbagCode,AirbagDescription,SafetyEquipmentCode,SafetyEquipmentDescription,Special Information,Other Associate Factor,Inattention,DirectionOfTravel,StreetOrHighwayName,SpeedLimit,MovementPrecCollCode,MovementPrecCollDescription,SobrietyDrugPhysicalCode1,SobrietyDrugPhysicalDescription1,SobrietyDrugPhysicalCode2,SobrietyDrugPhysicalDescription2,GenderCode,GenderDescription,StatedAge,DriverLicenseClass,DriverLicenseStateCode,RaceCode,RaceDesc,Vehicle1TypeId, Vehicle1TypeDesc, Vehicle1Year,Vehicle1Make,Vehicle1Model,Vehicle1Color,V1IsVehicleTowed,Vehicle2TypeId, Vehicle2TypeDesc, Vehicle2Year,Vehicle2Make,Vehicle2Model,Vehicle2Color,V2IsVehicleTowed,Lane,ThruLanes,TotalLanes,IsDREConducted
9930289,2573921,2,ParkedVehicle,,False,,,,,,,VC SECTION VIOLATED / NONE APPARENT,,,,,O,PARKED,H,NOT APPLICABLE,,,,,,,,,,22.0,PickupsAndPanels,1991.0,CHEVROLET,,,,,,,,,,,,,,
9930288,2573921,1,Driver,True,False,,L,AIR BAG DEPLOYED,C,OCCUPANT LAP BELT USED,,VC SECTION VIOLATED / NONE APPARENT,,E,,,B,PROCEEDING STRAIGHT,H,NOT APPLICABLE,,,M,MALE,,,CA,,,1.0,PassengerCarStationWagonJeep,2013.0,CADILLAC,,,,,,,,,,,,,,
9930267,2573909,3,ParkedVehicle,,False,,,,,,CELL PHONE NOT IN USE,NONE APPARENT,,W,,,O,PARKED,H,NOT APPLICABLE,,,,,,,,,,,,2006.0,MITSUBISHI,,,,,,,,,,,,,,
9930266,2573909,2,Driver,,False,,N,OTHER,A,OCCUPANT NONE IN VEHICLE,CELL PHONE NOT IN USE,NONE APPARENT,,N,,,I,PASSING OTHER VEHICLE,B,HBD-UNDER INFLUENCE,E,UNDER_DRUG_INFLUENCE,M,MALE,,,CA,,,,,2018.0,HARLEY-DAVIDSON,,,,,,,,,,,,,,
9930265,2573909,1,Driver,,False,,L,AIR BAG DEPLOYED,G,OCCUPANT LAP SHOULDER HARNESS USED,CELL PHONE NOT IN USE,NONE APPARENT,,W,,,B,PROCEEDING STRAIGHT,A,HAD NOT BEEN DRINKING,,,F,FEMALE,,,CA,W,WHITE,,,2020.0,FORD,,,,,,,,,,,,,,
9930188,2573875,4,Pedestrian,,False,,,,,,,,,W,,,,,G,IMPAIRMENT_NOT_KNOWN,,,F,FEMALE,,,,,,60.0,Pedestrian,,,,,,,,,,,,,,,,
9930187,2573875,3,Pedestrian,,False,,,,,,,NONE APPARENT,,W,,,,,G,IMPAIRMENT_NOT_KNOWN,,,F,FEMALE,,,,,,60.0,Pedestrian,,,,,,,,,,,,,,,,
9930186,2573875,2,Pedestrian,True,False,,,,,,,NONE APPARENT,,W,,,,,G,IMPAIRMENT_NOT_KNOWN,,,F,FEMALE,,,,,,60.0,Pedestrian,,,,,,,,,,,,,,,,
9930185,2573875,1,Driver,,False,,M,AIR BAG NOT DEPLOYED,B,OCCUPANT UNKNOWN,,VC SECTION VIOLATED - 22350 / NONE APPARENT,,S,,,B,PROCEEDING STRAIGHT,G,IMPAIRMENT_NOT_KNOWN,,,M,MALE,,,CA,,,,,2004.0,CHEVROLET,,,,,,,,,,,,,,
9930182,2573873,2,Pedestrian,True,False,,,,,,,,,N,,,,,,,,,M,MALE,,,,,,60.0,Pedestrian,,,,,,,,,,,,,,,,
9930181,2573873,1,Driver,,False,,M,AIR BAG NOT DEPLOYED,B,OCCUPANT UNKNOWN,,VC SECTION VIOLATED - 22350 / NONE APPARENT,,W,,,B,PROCEEDING STRAIGHT,A,HAD NOT BEEN DRINKING,,,M,MALE,,,CA,,,,,2008.0,LEXUS,,,,,,,,,,,,,,
9930180,2573872,2,Pedestrian,True,False,,,,,,,,,S,,,,,E,UNDER_DRUG_INFLUENCE,,,U,UNKNOWN,,,,,,60.0,Pedestrian,,,,,,,,,,,,,,,,
9930179,2573872,1,Driver,,False,,M,AIR BAG NOT DEPLOYED,B,OCCUPANT UNKNOWN,,OTHER,,S,,,B,PROCEEDING STRAIGHT,G,IMPAIRMENT_NOT_KNOWN,,,F,FEMALE,,,CA,,,,,2009.0,DODGE,,,,,,,,,,,,,,
9930178,2573871,2,Pedestrian,,False,,,,,,,,,,,,,,B,HBD-UNDER INFLUENCE,,,M,MALE,,,,,,60.0,Pedestrian,,,,,,,,,,,,,,,,
9930177,2573871,1,Driver,True,False,,L,AIR BAG DEPLOYED,G,OCCUPANT LAP SHOULDER HARNESS USED,,VC SECTION VIOLATED - 22107,,N,,,B,PROCEEDING STRAIGHT,G,IMPAIRMENT_NOT_KNOWN,,,M,MALE,,,,,,,,2019.0,HYUNDAI,,,,,,,,,,,,,,
9930174,2573869,1,Driver,True,False,,,,,,CELL PHONE NOT IN USE,NONE APPARENT,,,,,,,G,IMPAIRMENT_NOT_KNOWN,,,U,UNKNOWN,,,,,,,,2016.0,KIA,,,,,,,,,,,,,,
9930173,2573868,2,Driver,,False,,L,AIR BAG DEPLOYED,G,OCCUPANT LAP SHOULDER HARNESS USED,,,,N,,,A,STOPPED,,,,,M,MALE,,,,,,,,2012.0,TOYOTA,,,,,,,,,,,,,,
9930172,2573868,1,Driver,True,False,,L,AIR BAG DEPLOYED,G,OCCUPANT LAP SHOULDER HARNESS USED,,VC SECTION VIOLATED - 22350,,S,,,B,PROCEEDING STRAIGHT,B,HBD-UNDER INFLUENCE,E,UNDER_DRUG_INFLUENCE,M,MALE,,,CA,,,,,2011.0,TOYOTA,,,,,,,,,,,,,,
9930171,2573867,2,Pedestrian,,False,,,,,,,,,S,,,R,OTHER,G,IMPAIRMENT_NOT_KNOWN,,,M,MALE,,,,,,60.0,Pedestrian,,,,,,,,,,,,,,,,
9930170,2573867,1,Driver,True,False,,M,AIR BAG NOT DEPLOYED,B,OCCUPANT UNKNOWN,,,,W,,,E,MAKING LEFT TURN,G,IMPAIRMENT_NOT_KNOWN,,,F,FEMALE,,,CA,,,1.0,PassengerCarStationWagonJeep,2011.0,TOYOTA,,,,,,,,,,,,,,
9930169,2573866,2,Bicyclist,True,False,,,,,,,,,S,,,,,E,UNDER_DRUG_INFLUENCE,,,F,FEMALE,,,,,,4.0,Bicycle,,,,,,,,,,,,,,,,
9930168,2573866,1,Driver,,False,,,,,,CELL PHONE NOT IN USE,VC SECTION VIOLATED - 21950 / NONE APPARENT,,W,,,B,PROCEEDING STRAIGHT,H,NOT APPLICABLE,,,M,MALE,,,CA,W,WHITE,1.0,PassengerCarStationWagonJeep,2007.0,HONDA,,,,,,,,,,,,,,
9930167,2573865,1,Driver,True,False,,L,AIR BAG DEPLOYED,B,OCCUPANT UNKNOWN,CELL PHONE NOT IN USE,VC SECTION VIOLATED - 22107,,E,,,C,RAN OFF ROAD,G,IMPAIRMENT_NOT_KNOWN,,,M,MALE,,,,H,HISPANIC,1.0,PassengerCarStationWagonJeep,2018.0,HYUNDAI,,,,,,,,,,,,,,
9947992,2582646,2,Pedestrian,,False,,,,,,CELL PHONE HANDHELD IN USE,,,S,,,L,ENTERING TRAFFICD,G,IMPAIRMENT_NOT_KNOWN,,,M,MALE,,,,,,60.0,Pedestrian,,,,,,,,,,,,,,,,
9947991,2582646,1,Driver,True,False,,M,AIR BAG NOT DEPLOYED,G,OCCUPANT LAP SHOULDER HARNESS USED,CELL PHONE NOT IN USE,NONE APPARENT,,W,,,E,MAKING LEFT TURN,G,IMPAIRMENT_NOT_KNOWN,,,M,MALE,,C,CA,,,22.0,PickupsAndPanels,2023.0,FORD,,,,,,,,,,,,,,
9947988,2582644,2,Driver,,False,,M,AIR BAG NOT DEPLOYED,G,OCCUPANT LAP SHOULDER HARNESS USED,CELL PHONE NOT IN USE,NONE APPARENT,,W,,,B,PROCEEDING STRAIGHT,H,NOT APPLICABLE,,,M,MALE,,C,CA,,,22.0,PickupsAndPanels,1997.0,FORD,,,,,,,,,,,,,,
9947987,2582644,1,Driver,True,False,,L,AIR BAG DEPLOYED,G,OCCUPANT LAP SHOULDER HARNESS USED,CELL PHONE NOT IN USE,NONE APPARENT,,E,,,E,MAKING LEFT TURN,H,NOT APPLICABLE,,,M,MALE,,C,CA,,,1.0,PassengerCarStationWagonJeep,2016.0,AUDI,,,,,,,,,,,,,,
9947986,2582643,2,ParkedVehicle,,False,,,,,,,,,,,,O,PARKED,,,,,,,,,,,,,,,,,,,,,,,,,,,,,
9947985,2582643,1,Driver,True,False,,L,AIR BAG DEPLOYED,G,OCCUPANT LAP SHOULDER HARNESS USED,,,,N,,,B,PROCEEDING STRAIGHT,H,NOT APPLICABLE,,,M,MALE,,C,CA,W,WHITE,,,2017.0,HONDA,,,,,,,,,,,,,,
9947984,2582642,2,Driver,,False,,M,AIR BAG NOT DEPLOYED,C,OCCUPANT LAP BELT USED,CELL PHONE NOT IN USE,,,W,,,H,SLOWING/STOPPING,,,,,M,MALE,,F,IT,,,1.0,PassengerCarStationWagonJeep,2014.0,NISSAN,,,,,,,,,,,,,,
9947983,2582642,1,Driver,True,False,,M,AIR BAG NOT DEPLOYED,C,OCCUPANT LAP BELT USED,CELL PHONE NOT IN USE,,,W,,,H,SLOWING/STOPPING,,,,,M,MALE,,C,CA,,,1.0,PassengerCarStationWagonJeep,2008.0,DODGE,,,,,,,,,,,,,,
9947982,2582641,2,Driver,,False,,M,AIR BAG NOT DEPLOYED,B,OCCUPANT UNKNOWN,CELL PHONE NOT IN USE,NONE APPARENT,,E,,,H,SLOWING/STOPPING,G,IMPAIRMENT_NOT_KNOWN,,,M,MALE,,,,,,,,2001.0,FORD,,,,,,,,,,,,,,
9947981,2582641,1,Driver,True,False,,L,AIR BAG DEPLOYED,G,OCCUPANT LAP SHOULDER HARNESS USED,CELL PHONE NOT IN USE,NONE APPARENT,,E,,,B,PROCEEDING STRAIGHT,A,HAD NOT BEEN DRINKING,,,F,FEMALE,,C,CA,,,1.0,PassengerCarStationWagonJeep,2011.0,BMW,,,,,,,,,,,,,,
9947980,2582640,2,Driver,,False,,M,AIR BAG NOT DEPLOYED,G,OCCUPANT LAP SHOULDER HARNESS USED,,NONE APPARENT,,W,,,B,PROCEEDING STRAIGHT,A,HAD NOT BEEN DRINKING,,,M,MALE,,C,CA,,,1.0,PassengerCarStationWagonJeep,2022.0,HONDA,,,,,,,,,,,,,,
9947979,2582640,1,Driver,True,False,,M,AIR BAG NOT DEPLOYED,G,OCCUPANT LAP SHOULDER HARNESS USED,,NONE APPARENT,,N,,,E,MAKING LEFT TURN,A,HAD NOT BEEN DRINKING,,,F,FEMALE,,C,CA,,,1.0,PassengerCarStationWagonJeep,2019.0,TESLA,,,,,,,,,,,,,,
9947978,2582639,2,Driver,,False,,L,AIR BAG DEPLOYED,G,OCCUPANT LAP SHOULDER HARNESS USED,,NONE APPARENT,,S,,,A,STOPPED,A,HAD NOT BEEN DRINKING,,,F,FEMALE,,C,CA,,,7.0,SportUtilityVehicle,2020.0,SUBARU,,,,,,,,,,,,,,
9947977,2582639,1,Driver,True,False,,L,AIR BAG DEPLOYED,G,OCCUPANT LAP SHOULDER HARNESS USED,,NONE APPARENT,,W,,,E,MAKING LEFT TURN,A,HAD NOT BEEN DRINKING,,,M,MALE,,C,CA,,,1.0,PassengerCarStationWagonJeep,2007.0,ACURA,,,,,,,,,,,,,,
9947976,2582638,2,Driver,,False,,M,AIR BAG NOT DEPLOYED,B,OCCUPANT UNKNOWN,,,,S,,,B,PROCEEDING STRAIGHT,,,,,M,MALE,,,,,,22.0,PickupsAndPanels,1998.0,TOYOTA,,,,,,,,,,,,,,
9947975,2582638,1,Driver,True,False,,M,AIR BAG NOT DEPLOYED,E,OCCUPANT SHOULDER HARNESS USED,,VC SECTION VIOLATED / STOP & GO TRAFFIC,,W,,,E,MAKING LEFT TURN,,,,,M,MALE,,C,CA,,,7.0,SportUtilityVehicle,2015.0,HYUNDAI,,,,,,,,,,,,,,
9947974,2582637,2,Bicyclist,,False,,,,,,,VC SECTION VIOLATED,,W,,,B,PROCEEDING STRAIGHT,H,NOT APPLICABLE,,,M,MALE,,,,,,4.0,Bicycle,,,,,,,,,,,,,,,,
9947973,2582637,1,Driver,True,False,,M,AIR BAG NOT DEPLOYED,G,OCCUPANT LAP SHOULDER HARNESS USED,,NONE APPARENT,,N,,,D,MAKING RIGHT TURN,H,NOT APPLICABLE,,,F,FEMALE,,,CA,,,,,2017.0,TOYOTA,,,,,,,,,,,,,,
9947972,2582636,2,Driver,,False,,L,AIR BAG DEPLOYED,C,OCCUPANT LAP BELT USED,CELL PHONE NOT IN USE,NONE APPARENT,,E,,,B,PROCEEDING STRAIGHT,H,NOT APPLICABLE,,,F,FEMALE,,C,CA,,,1.0,PassengerCarStationWagonJeep,2014.0,BMW,,,,,,,,,,,,,,
9947971,2582636,1,Driver,True,False,,L,AIR BAG DEPLOYED,C,OCCUPANT LAP BELT USED,CELL PHONE NOT IN USE,VC SECTION VIOLATED - 21453 / NONE APPARENT,,N,,,B,PROCEEDING STRAIGHT,H,NOT APPLICABLE,,,F,FEMALE,,C,CA,,,1.0,PassengerCarStationWagonJeep,2010.0,HONDA,,,,,,,,,,,,,,
9947970,2582635,2,Bicyclist,,False,,,,,,,NONE APPARENT,,N,,,B,PROCEEDING STRAIGHT,H,NOT APPLICABLE,,,M,MALE,,,,,,4.0,Bicycle,,,,,,,,,,,,,,,,
9947969,2582635,1,Driver,True,False,,M,AIR BAG NOT DEPLOYED,C,OCCUPANT LAP BELT USED,,NONE APPARENT,,N,,,D,MAKING RIGHT TURN,H,NOT APPLICABLE,,,M,MALE,,C,CA,W,WHITE,1.0,PassengerCarStationWagonJeep,2020.0,TOYOTA,,,,,,,,,,,,,,
9947968,2582634,2,ParkedVehicle,,False,,,,,,,,,S,,,O,PARKED,,,,,,,,,,,,,,2017.0,FORD,,,,,,,,,,,,,,
9947967,2582634,1,Driver,True,False,,P,NOT REQUIRED,,,,,,S,,,B,PROCEEDING STRAIGHT,G,IMPAIRMENT_NOT_KNOWN,,,M,MALE,,C,CA,,,,,2012.0,HARLEY-DAVIDSON,,,,,,,,,,,,,,
9947966,2582633,2,ParkedVehicle,,False,,,,,,,,,,,,O,PARKED,H,NOT APPLICABLE,,,,,,,,,,1.0,PassengerCarStationWagonJeep,2019.0,HONDA,,,,,,,,,,,,,,
9947965,2582633,1,Driver,True,False,,L,AIR BAG DEPLOYED,G,OCCUPANT LAP SHOULDER HARNESS USED,,,,W,,,B,PROCEEDING STRAIGHT,G,IMPAIRMENT_NOT_KNOWN,,,F,FEMALE,,C,CA,,,1.0,PassengerCarStationWagonJeep,2013.0,BMW,,,,,,,,,,,,,,
9947964,2582632,2,Driver,,False,,,,,,,VISION OBSCUREMENT / NONE APPARENT,,W,,,A,STOPPED,A,HAD NOT BEEN DRINKING,,,F,FEMALE,,C,CA,,,,,2020.0,SUBARU,,,,,,,,,,,,,,
9947963,2582632,1,Driver,True,False,,,,,,,VISION OBSCUREMENT / INATTENTION,OTHER,N,,,B,PROCEEDING STRAIGHT,A,HAD NOT BEEN DRINKING,,,M,MALE,,C,CA,W,WHITE,,,2009.0,TOYOTA,,,,,,,,,,,,,,
9947962,2582631,2,Driver,,False,,N,OTHER,B,OCCUPANT UNKNOWN,,NONE APPARENT,,E,,,B,PROCEEDING STRAIGHT,A,HAD NOT BEEN DRINKING,,,F,FEMALE,,C,CA,,,1.0,PassengerCarStationWagonJeep,2017.0,TOYOTA,,,,,,,,,,,,,,
9947961,2582631,1,Driver,True,False,,L,AIR BAG DEPLOYED,C,OCCUPANT LAP BELT USED,,NONE APPARENT,,S,,,G,BACKING,A,HAD NOT BEEN DRINKING,,,F,FEMALE,,U,CA,,,1.0,PassengerCarStationWagonJeep,2017.0,HONDA,,,,,,,,,,,,,,
9947960,2582630,2,Driver,,False,,L,AIR BAG DEPLOYED,C,OCCUPANT LAP BELT USED,CELL PHONE NOT IN USE,NONE APPARENT,,N,,,A,STOPPED,C,HBD-NOT UNDER INFLUENCE,,,F,FEMALE,,C,CA,,,1.0,PassengerCarStationWagonJeep,2014.0,TOYOTA,,,,,,,,,,,,,,
9947959,2582630,1,Driver,True,False,,L,AIR BAG DEPLOYED,C,OCCUPANT LAP BELT USED,CELL PHONE NOT IN USE,NONE APPARENT,,E,,,A,STOPPED,C,HBD-NOT UNDER INFLUENCE,,,M,MALE,,C,CA,,,1.0,PassengerCarStationWagonJeep,2019.0,HYUNDAI,,,,,,,,,,,,,,
9947958,2582629,2,Driver,,False,,M,AIR BAG NOT DEPLOYED,G,OCCUPANT LAP SHOULDER HARNESS USED,,,,E,,,A,STOPPED,A,HAD NOT BEEN DRINKING,,,F,FEMALE,,,CA,,,1.0,PassengerCarStationWagonJeep,2014.0,TOYOTA,,,,,,,,,,,,,,
9947957,2582629,1,Driver,True,False,,M,AIR BAG NOT DEPLOYED,G,OCCUPANT LAP SHOULDER HARNESS USED,,VC SECTION VIOLATED - 22350,,E,,,B,PROCEEDING STRAIGHT,A,HAD NOT BEEN DRINKING,,,M,MALE,,C,CA,,,1.0,PassengerCarStationWagonJeep,2014.0,HYUNDAI,,,,,,,,,,,,,,
9947956,2582628,2,Driver,,False,,L,AIR BAG DEPLOYED,G,OCCUPANT LAP SHOULDER HARNESS USED,,NONE APPARENT,,E,,,B,PROCEEDING STRAIGHT,A,HAD NOT BEEN DRINKING,,,F,FEMALE,,,,,,,,2005.0,TOYOTA,,,,,,,,,,,,,,
9947955,2582628,1,Driver,True,False,,M,AIR BAG NOT DEPLOYED,G,OCCUPANT LAP SHOULDER HARNESS USED,,NONE APPARENT,,N,,,L,ENTERING TRAFFICD,A,HAD NOT BEEN DRINKING,,,F,FEMALE,,,,,,,,2018.0,SUBARU,,,,,,,,,,,,,,
9947952,2582626,2,Pedestrian,,False,,,,,,,NONE APPARENT,,,,,R,OTHER,H,NOT APPLICABLE,,,F,FEMALE,,,,,,60.0,Pedestrian,,,,,,,,,,,,,,,,
9947951,2582626,1,Driver,True,False,,M,AIR BAG NOT DEPLOYED,G,OCCUPANT LAP SHOULDER HARNESS USED,,NONE APPARENT,,S,,,A,STOPPED,H,NOT APPLICABLE,,,M,MALE,,C,CA,,,7.0,SportUtilityVehicle,2004.0,SATURN,,,,,,,,,,,,,,
9946137,2581735,2,Driver,,False,,,,G,OCCUPANT LAP SHOULDER HARNESS USED,,NONE APPARENT,,N,,,B,PROCEEDING STRAIGHT,A,HAD NOT BEEN DRINKING,,,M,MALE,,C,CA,,,1.0,PassengerCarStationWagonJeep,2022.0,TESLA,,,,,,,,,,,,,,
9946136,2581735,1,Driver,True,False,,L,AIR BAG DEPLOYED,G,OCCUPANT LAP SHOULDER HARNESS USED,,VC SECTION VIOLATED - 22450,,W,,,B,PROCEEDING STRAIGHT,A,HAD NOT BEEN DRINKING,,,F,FEMALE,,C,CA,,,1.0,PassengerCarStationWagonJeep,2019.0,HYUNDAI,,,,,,,,,,,,,,
9946133,2581733,2,Driver,,False,,M,AIR BAG NOT DEPLOYED,B,OCCUPANT UNKNOWN,,,,S,,,A,STOPPED,A,HAD NOT BEEN DRINKING,,,M,MALE,,C,CA,,,,,2019.0,FORD,,,,,,,,,,,,,,
9946132,2581733,1,Driver,True,False,,L,AIR BAG DEPLOYED,E,OCCUPANT SHOULDER HARNESS USED,,VISION OBSCUREMENT,,S,,,B,PROCEEDING STRAIGHT,A,HAD NOT BEEN DRINKING,,,F,FEMALE,,C,CA,W,WHITE,,,2017.0,MAZDA,,,,,,,,,,,,,,
9946034,2581681,2,Driver,,False,,L,AIR BAG DEPLOYED,G,OCCUPANT LAP SHOULDER HARNESS USED,,NONE APPARENT,,E,,,B,PROCEEDING STRAIGHT,A,HAD NOT BEEN DRINKING,,,M,MALE,,,CA,,,,,2017.0,DODGE,,,,,,,,,,,,,,
9946033,2581681,1,Driver,True,False,,L,AIR BAG DEPLOYED,G,OCCUPANT LAP SHOULDER HARNESS USED,,NONE APPARENT,,E,,,D,MAKING RIGHT TURN,A,HAD NOT BEEN DRINKING,,,M,MALE,,,CA,,,,,2013.0,HYUNDAI,,,,,,,,,,,,,,
9946009,2581668,2,Driver,,False,,M,AIR BAG NOT DEPLOYED,U,CHILD RESTRAINT NONE IN VEHICLE,,,,S,,,B,PROCEEDING STRAIGHT,A,HAD NOT BEEN DRINKING,,,F,FEMALE,,,CA,,,,,2007.0,TOYOTA,,,,,,,,,,,,,,
9946008,2581668,1,Driver,True,False,,M,AIR BAG NOT DEPLOYED,G,OCCUPANT LAP SHOULDER HARNESS USED,,VISION OBSCUREMENT,,E,,,E,MAKING LEFT TURN,A,HAD NOT BEEN DRINKING,,,F,FEMALE,,,CA,W,WHITE,,,2019.0,CHEVROLET,,,,,,,,,,,,,,
9946004,2581666,2,Driver,,False,,L,AIR BAG DEPLOYED,G,OCCUPANT LAP SHOULDER HARNESS USED,,NONE APPARENT,,N,,,B,PROCEEDING STRAIGHT,A,HAD NOT BEEN DRINKING,,,M,MALE,,,CA,,,,,2022.0,TOYOTA,,,,,,,,,,,,,,
9946003,2581666,1,Driver,True,False,,L,AIR BAG DEPLOYED,G,OCCUPANT LAP SHOULDER HARNESS USED,,NONE APPARENT,,E,,,E,MAKING LEFT TURN,A,HAD NOT BEEN DRINKING,,,F,FEMALE,,,CA,W,WHITE,,,2012.0,HONDA,,,,,,,,,,,,,,
9946000,2581664,3,Driver,,False,,M,AIR BAG NOT DEPLOYED,D,OCCUPANT LAP BELT NOT USED,,NONE APPARENT,,E,,,B,PROCEEDING STRAIGHT,A,HAD NOT BEEN DRINKING,,,F,FEMALE,,,CA,,,,,2018.0,LEXUS,,,,,,,,,,,,,,
9945999,2581664,2,Driver,,False,,M,AIR BAG NOT DEPLOYED,C,OCCUPANT LAP BELT USED,,NONE APPARENT,,E,,,B,PROCEEDING STRAIGHT,A,HAD NOT BEEN DRINKING,,,M,MALE,,,CA,,,,,2022.0,SUBARU,,,,,,,,,,,,,,
9945998,2581664,1,Driver,True,False,,M,AIR BAG NOT DEPLOYED,C,OCCUPANT LAP BELT USED,,NONE APPARENT,,E,,,B,PROCEEDING STRAIGHT,A,HAD NOT BEEN DRINKING,,,F,FEMALE,,,CA,,,,,2015.0,TOYOTA,,,,,,,,,,,,,,
9945995,2581662,3,Driver,,False,,M,AIR BAG NOT DEPLOYED,C,OCCUPANT LAP BELT USED,,,,E,,,B,PROCEEDING STRAIGHT,A,HAD NOT BEEN DRINKING,,,M,MALE,,,CA,,,,,2019.0,67809P3,,,,,,,,,,,,,,
9945994,2581662,2,Driver,,False,,L,AIR BAG DEPLOYED,C,OCCUPANT LAP BELT USED,,,,W,,,B,PROCEEDING STRAIGHT,A,HAD NOT BEEN DRINKING,,,F,FEMALE,,,CA,,,,,2015.0,MITSUBISHI,,,,,,,,,,,,,,
9945993,2581662,1,Driver,True,False,,L,AIR BAG DEPLOYED,C,OCCUPANT LAP BELT USED,,,,S,,,B,PROCEEDING STRAIGHT,A,HAD NOT BEEN DRINKING,,,F,FEMALE,,,CA,,,,,2013.0,HONDA,,,,,,,,,,,,,,
9945991,2581660,2,Driver,,False,,M,AIR BAG NOT DEPLOYED,G,OCCUPANT LAP SHOULDER HARNESS USED,,NONE APPARENT,,E,,,E,MAKING LEFT TURN,G,IMPAIRMENT_NOT_KNOWN,,,F,FEMALE,,,CA,,,,,2020.0,MERCEDES-BENZ,,,,,,,,,,,,,,
9945990,2581660,1,Driver,True,False,,M,AIR BAG NOT DEPLOYED,G,OCCUPANT LAP SHOULDER HARNESS USED,,NONE APPARENT,,E,,,B,PROCEEDING STRAIGHT,G,IMPAIRMENT_NOT_KNOWN,,,M,MALE,,,CA,,,,,2017.0,LEXUS,,,,,,,,,,,,,,
9945672,2581500,2,Driver,,False,,M,AIR BAG NOT DEPLOYED,G,OCCUPANT LAP SHOULDER HARNESS USED,,NONE APPARENT,,S,,,E,MAKING LEFT TURN,A,HAD NOT BEEN DRINKING,,,M,MALE,,,CA,,,,,2023.0,TOYOTA,,,,,,,,,,,,,,
9945671,2581500,1,Driver,True,False,,P,NOT REQUIRED,,,,,,N,,,B,PROCEEDING STRAIGHT,A,HAD NOT BEEN DRINKING,,,M,MALE,,,CA,,,,,,,,,,,,,,,,,,,,
9945608,2581466,1,Driver,,False,,N,OTHER,B,OCCUPANT UNKNOWN,,OTHER,,N,,,B,PROCEEDING STRAIGHT,G,IMPAIRMENT_NOT_KNOWN,,,M,MALE,,,CA,,,,,2005.0,HONDA,,,,,,,,,,,,,,
9945549,2581436,2,Driver,,False,,,,,,,,,W,,,,,,,,,M,MALE,,,CA,,,,,2004.0,HONDA,,,,,,,,,,,,,,
9945548,2581436,1,Driver,True,False,,M,AIR BAG NOT DEPLOYED,B,OCCUPANT UNKNOWN,,,,W,,,B,PROCEEDING STRAIGHT,B,HBD-UNDER INFLUENCE,,,M,MALE,,,CA,,,,,1984.0,,,,,,,,,,,,,,,
9945539,2581430,2,Driver,,False,,M,AIR BAG NOT DEPLOYED,G,OCCUPANT LAP SHOULDER HARNESS USED,,,,S,,,E,MAKING LEFT TURN,A,HAD NOT BEEN DRINKING,,,F,FEMALE,,,CA,W,WHITE,,,2004.0,TOYOTA,,,,,,,,,,,,,,
9945538,2581430,1,Driver,True,False,,M,AIR BAG NOT DEPLOYED,G,OCCUPANT LAP SHOULDER HARNESS USED,,,,E,,,B,PROCEEDING STRAIGHT,A,HAD NOT BEEN DRINKING,,,M,MALE,,,CA,W,WHITE,,,2018.0,TESLA,,,,,,,,,,,,,,
9945537,2581429,2,Driver,,False,,,,,,,NONE APPARENT,,N,,,A,STOPPED,A,HAD NOT BEEN DRINKING,,,F,FEMALE,,,CA,,,,,2018.0,HONDA,,,,,,,,,,,,,,
9945536,2581429,1,Driver,True,False,,M,AIR BAG NOT DEPLOYED,G,OCCUPANT LAP SHOULDER HARNESS USED,,NONE APPARENT,,N,,,B,PROCEEDING STRAIGHT,A,HAD NOT BEEN DRINKING,,,M,MALE,,,BC,,,,,1995.0,HONDA,,,,,,,,,,,,,,
9945535,2581428,2,Driver,,False,,L,AIR BAG DEPLOYED,G,OCCUPANT LAP SHOULDER HARNESS USED,,NONE APPARENT,,E,,,B,PROCEEDING STRAIGHT,A,HAD NOT BEEN DRINKING,,,F,FEMALE,,,CA,,,,,2014.0,NISSAN,,,,,,,,,,,,,,
9945534,2581428,1,Driver,True,False,,L,AIR BAG DEPLOYED,G,OCCUPANT LAP SHOULDER HARNESS USED,,NONE APPARENT,,E,,,J,CHANGING LANES,A,HAD NOT BEEN DRINKING,,,M,MALE,,,CA,,,,,2018.0,TESLA,,,,,,,,,,,,,,
9945533,2581427,2,Driver,,False,,M,AIR BAG NOT DEPLOYED,C,OCCUPANT LAP BELT USED,CELL PHONE NOT IN USE,NONE APPARENT,,N,,,H,SLOWING/STOPPING,H,NOT APPLICABLE,,,M,MALE,,,CA,,,,,2008.0,HONDA,,,,,,,,,,,,,,
9945532,2581427,1,Driver,True,False,,L,AIR BAG DEPLOYED,C,OCCUPANT LAP BELT USED,CELL PHONE HANDHELD IN USE,INATTENTION,CELL PHONE HANDHELD,N,,,B,PROCEEDING STRAIGHT,H,NOT APPLICABLE,,,F,FEMALE,,,CA,W,WHITE,,,2022.0,TOYOTA,,,,,,,,,,,,,,
9945531,2581426,2,Driver,,False,,M,AIR BAG NOT DEPLOYED,G,OCCUPANT LAP SHOULDER HARNESS USED,,STOP & GO TRAFFIC,,N,,,A,STOPPED,H,NOT APPLICABLE,,,F,FEMALE,,,CA,,,,,2020.0,MERCEDES-BENZ,,,,,,,,,,,,,,
9945530,2581426,1,Driver,True,False,,M,AIR BAG NOT DEPLOYED,G,OCCUPANT LAP SHOULDER HARNESS USED,,STOP & GO TRAFFIC,,N,,,B,PROCEEDING STRAIGHT,H,NOT APPLICABLE,,,M,MALE,,,CA,W,WHITE,,,2014.0,HONDA,,,,,,,,,,,,,,
9945529,2581423,2,Driver,,False,,M,AIR BAG NOT DEPLOYED,G,OCCUPANT LAP SHOULDER HARNESS USED,,NONE APPARENT,,N,,,A,STOPPED,A,HAD NOT BEEN DRINKING,,,M,MALE,,,,,,,,2022.0,TOYOTA,,,,,,,,,,,,,,
9945528,2581423,1,Driver,True,False,,M,AIR BAG NOT DEPLOYED,G,OCCUPANT LAP SHOULDER HARNESS USED,,NONE APPARENT,,N,,,B,PROCEEDING STRAIGHT,A,HAD NOT BEEN DRINKING,,,M,MALE,,,CA,,,,,2012.0,HONDA,,,,,,,,,,,,,,